"","PC1","PC2","PC3","PC4","PC5","PC6","PC7","PC8","PC9","PC10","PC11","PC12","PC13","PC14","PC15","PC16","PC17","PC18","PC19","PC20","PC21","PC22","PC23","PC24","PC25","PC26","PC27","PC28","PC29","PC30","PC31","PC32","PC33","PC34","PC35","PC36","PC37","PC38"
"Aepyprymnus_rufescens",0.115223391198133,-0.000202917877319986,0.0116218679190851,0.0358739940614893,-0.0328074307110704,0.00830600024973746,-0.00556998570115525,0.0164695898584545,-0.00436582410472731,0.00490368924992647,-0.00664768028206404,0.00413827533618326,-0.00778751909825044,0.00939891525067039,-0.00649607970143845,0.00585291675321487,0.000501378586797909,0.00685799731939044,-0.00152586004941746,-0.00744895293427231,0.00258701258937878,0.00395726660818137,0.00712990136254056,0.0018164439955936,-0.00278949735622138,-0.000136266887012646,-0.00241363853147943,-0.000130427009696159,-0.00250685940040428,0.000472336769673554,0.00132609712908981,0.000939100988282447,0.000806086830224756,0.000748292714055727,0.00146802645083658,0.000314193591412571,0.000800589516722726,0.000133283095382264
"Bettongia_gaimardi",0.0513449440685315,-0.0629362937160787,-0.0105194258766212,0.0463506083032364,0.024379912920431,0.00501718453919764,0.0213615408435841,0.0135235582963551,0.0333478986875093,-0.0128067293938302,-0.00104783818546215,0.00586506499549992,0.00317972071069635,-0.00549737482802723,0.00220227530085721,0.00285151759739329,-0.00158568115462439,0.010064054732158,0.00219101112057953,-0.000371136787925619,0.00482636100599657,-0.00177745090803567,0.000907626642723565,-0.00451951826624831,-0.00253544921072329,0.00350177679483707,-0.00200490608609394,-0.000904994240981552,0.000352271858980205,-0.000903595272718703,0.000341784275064045,-0.000386015874972069,-7.01293369682046e-05,-0.00134884116181381,-0.000787811027550795,-0.000241566420109337,-0.00104952990988921,3.45317984334518e-05
"Bettongia_l_lesuer",0.138846149687682,0.0631895181946471,0.0655154412744382,0.0207542648738096,-0.0184199072739607,-0.00404742093861099,-0.0165359645667479,-0.000518835924815746,-0.0102704353956783,-0.0213939863059969,0.00206872671701743,0.0173611426908262,0.0147047195991691,-0.000770400938940763,-0.00173096658220334,0.00411732351239853,0.00513277506882103,-0.00415408852891876,0.0015420759356227,0.00303469378390585,-0.000519518423113677,-0.00250441182821996,-0.00525838051164309,-0.00120405908035865,0.00160876204023736,-7.82179650532673e-05,0.000619829938318619,-0.00154432737536731,0.00120356503692897,-0.00148547062610271,-0.000205222127451983,0.000748769698550639,-0.000256580536457951,0.000483119547512237,-0.00118690960464067,6.74710838920024e-05,0.000111704667073696,-0.000348755571299874
"Bettongia_p_ogilbyi",0.099644099366091,-0.0501606804218026,0.0419482678108263,-0.00774655383490392,0.0201386987535829,-0.00278565082176522,0.0227745900066691,-0.0173316227381906,-0.00332475399911378,-0.00785779662193596,-0.00281878672965795,-0.00593943398665733,0.0113764407664392,-0.0136475172167216,-0.00113789635424226,-0.00963273093204733,0.00122086594037835,-0.00209175122812711,-0.00028035913316098,-0.00138984089786855,-0.000424899071764873,-0.00127742453596108,-0.00107535547837776,0.00618430146008696,-7.43736361536137e-05,-0.00261843540893746,0.000645542956584244,0.00487101831287144,0.000273541329557518,0.00213019419001034,-0.00177068713606627,0.00120346404517722,0.00109920216548554,-0.00111263147556158,0.00101674211344585,-0.000118102273185259,0.000141878181615717,6.62817990798836e-05
"Dendrolagus_goodellowi",0.00367221847730061,0.0228568070020077,-0.038271840310094,-0.00620314741666399,0.028134566039545,0.0167431411132871,-0.0181160710025448,-0.0124846837191613,0.0132906850484136,0.0273312044315788,-0.00657380204165046,0.0138612371163366,0.000883297084193478,-0.0117341424877649,-0.011655973244936,-0.00149494560315024,0.0093352378846312,0.00623300427650266,0.00862530526996532,-0.00719943298557496,1.38156423320817e-05,0.00382764384820973,-0.00277801095180823,-0.00307912566506233,0.000771615342802894,-0.00130334045187271,0.00181741245819374,0.000897894781995962,0.00124831918131504,-0.00127216536211829,-0.00153541968839963,-0.00167992872902809,0.00126219949665528,0.000173228908742866,-0.000212254684955856,-0.00034773433854237,0.000704704685679504,8.35991281069439e-05
"Dendrolagus_lumholtzi",-0.00868573377723275,0.040656771587871,-0.0166781580330858,0.00975056911563044,0.0565702790424569,0.0205402666301466,0.0107524165362787,0.00817709037228034,-0.00103691975262827,0.00901645755708793,-0.00113039189590302,3.76402515749014e-05,-0.00271323267676316,-0.0114782091830206,0.0104868700605019,0.00183373244064071,-0.00511435826914762,-0.0119629354350818,0.00247520802782446,-0.00156349215993498,0.00437482947196401,-0.00195620279884485,0.00032210959999591,0.00341729501476098,-0.00350946240243793,-0.00284172767855163,-0.00282937034165113,-0.00488212738302708,-0.00116111256899141,-0.000260209128776187,-0.00155346262655847,0.00166099766051576,0.000346532379312179,0.00097138100543378,0.000257886474002934,0.000120993313070322,6.26705280578289e-05,-0.000355890792846684
"Dendrolagus_matschiei",-0.0245445253602928,0.0285609135745807,-0.0121872165186148,0.0442406123485181,0.0170578470180579,0.0198119140058232,-0.0232577766083472,-0.014547668579155,0.0110603769502221,0.0111957367979303,-0.0121675935593844,-0.000181873572898594,0.00218400753597492,0.00336257629410764,0.00821333782692192,-0.00100418426257065,-0.00336628788235131,0.000773670110741235,-0.00694349115910188,-0.000801116620939606,-0.0053825292924052,0.00337905389783012,-0.00612113874358949,0.000936416028325684,0.00553568431576323,-0.00107976798523206,-6.64479182211214e-05,0.001757529174269,-0.000215770351594549,-0.00038508101971545,0.0029261216606716,0.00145685883454822,0.00013413748239709,-0.000724651086452324,0.000876904411892453,0.00101663792602086,-0.000813973643024757,-0.000245254599382267
"Hypsiprymnodon_moschatus",0.0500229594277381,-0.0396804106684483,0.064205723454733,-0.023039767196112,0.0362922652023997,-0.0379438765062462,0.0129823529299428,-0.0143271472545358,-0.00174409049806769,0.0428839172446647,0.00629708326737414,-0.0008517679478816,-0.00818333101246665,0.000221529061214847,-0.00308962292835262,0.00430956014837567,0.00355877480914911,0.0035645916112469,-0.00249291632856548,0.00414830210302061,4.43867783818418e-05,-0.00300636481686537,-0.000630479822489729,-0.00106051466342118,0.00131485881258295,0.00159339813906692,-0.000216654283727108,-0.00153928765182306,0.000308920560700725,2.13847516341761e-05,0.00212002000554616,0.000587499941646789,-0.00137068149732705,0.000960214705125387,-0.000100692793806832,0.000278812415675638,-0.000136874197434754,0.000154293184562017
"Lagorchestes_c_conspicillatus",0.0220523108104895,0.0873826194542131,-0.0241056384101228,0.00686196704558026,-0.00301177101560049,0.0219288934929739,0.020773579365953,-0.00970671031408709,-0.00734279310875537,0.00633501427597835,0.0314207761649832,0.00121084442905018,0.0102346053229427,-0.0051692037684366,0.00270096866897002,-0.0104433073008617,-0.00523444855699826,0.00314731634656244,0.00496498390808496,0.00533520291840141,0.00215336294877777,0.00445924749640496,0.00350746496274629,-0.000557724262675564,0.00093281962462486,0.00488278964514667,0.00162596921006115,-0.000256317244181107,-0.000118714046129998,0.00235723367437538,0.00202936625895425,-0.000432789471864241,-0.00106297905707839,-0.000355420230475924,0.000316989378990934,-0.000278068496797114,0.000341397768391653,0.000106501606554739
"Lagorchestes_h_hirsutus",0.0130895995252613,0.045156252026167,0.0173752779434345,-0.00158591331718434,0.00811236360705753,0.00661249912581893,0.0449978746514598,-0.00780368304086586,0.00499099651489298,-0.0209515101865421,-0.00582951933910047,-0.0189340255339497,-0.018485188043361,0.00591019348086278,-0.00508956239760988,-0.000719314434377303,0.00454682897681503,0.00231878166804134,-0.0036756920302889,0.00357617723619217,-0.00467881393281491,0.0061957847714897,-0.00357679022218783,-0.00370325846813555,0.00336575567388295,-0.00180395482570464,-4.87648057901106e-05,-0.00291188189640097,-0.000646021950950296,-0.00183146616111356,-0.000734275674887371,-0.000843350135857481,0.00109327057480638,-0.000180256663518319,4.60205446282554e-05,0.00015452778544668,0.000450256578164874,0.000226110101645393
"Lagostrophus_fasciatus",0.0282372785322451,0.0641356879824688,0.0157780746257669,-0.0201037138795919,-0.0289551982215296,-0.00579388688459596,-0.00849341635191273,0.00189841158522299,0.0432942617907602,0.0113229401346216,-0.0173096343959445,-0.0217141113496428,0.0120984061908069,-0.00331913258264799,0.00573964099679226,0.000555756509206649,-0.00592963147250675,0.00153299434434149,-0.00269581709286174,0.000773686578141116,-0.000174872128111581,0.000883541107786899,0.00495623431973505,0.00370045936124853,-0.00113749766276391,-0.00187602441654252,0.000342040312343475,0.00111454615594213,0.000665253727287185,-0.000146437871579684,-0.000488294932385207,-0.000387085894670981,-0.000510521247719114,0.000908713216609841,-0.00119639016835552,-0.000289813389196664,-0.000125713750518394,0.000356096033442615
"Macropus_agilis",-0.0415825207117161,-0.0128422591820056,0.00924182232436888,0.0315390694515888,-0.00108507358825452,-0.000254729163218832,-0.000874766510098567,0.0116783657545198,-0.00202631825110639,0.00680362506913261,0.00469243605767471,-0.00580499939175518,0.00307990673626069,-0.00458350777260975,0.00461679900084675,0.00666646853683881,0.00362054056848377,-0.00988426526802737,0.000384653485977443,-0.000141879282620528,-0.00646132933288003,-0.00158412780289071,0.00824152270092501,-0.0105387795686718,0.00125191741651374,-0.00205345316172462,0.000261380598429826,0.00183473582776184,0.00246863172887335,-0.000317639120540455,-0.000883589698051847,0.00192898069141126,-0.0012071115103053,-0.00107122327088655,0.000123231208371877,8.35812954535939e-05,0.000933486896907285,0.000211875405161019
"Macropus_dorsalis",-0.0572760596913589,-0.0146080158229972,0.0353015575685765,-0.0213008277762404,0.0176972707376353,0.00967367450531744,0.0194685247259401,0.019634856583048,0.000892988872765749,-0.00981113291506355,0.00924379470126417,0.00999763354891987,-0.00127178517493822,-0.000371513886172113,0.00767653540520965,0.00515492320857253,-0.00285194105643733,-0.00212553595041504,-0.0025681832049964,-0.00857172273299736,-0.00328904278429523,0.000102167173815383,0.00229454306687079,0.00515726989674788,0.0019951241716592,-0.000258002373569548,-0.000745411353761647,0.00276380121889967,0.00196860135520559,-0.00154287292496815,0.00342245101043315,-0.00253152738849362,0.000908181555054482,0.000373859746108046,-0.000713828573483451,-0.000442472360393492,0.000696256320170948,-0.00041088879536658
"Macropus_eugenii",-0.0415340524144765,-0.00700433288318662,0.00906966085321589,0.00296978928874011,-0.0177720040244749,-0.0335544346046031,-0.0115265533600829,-0.014761847354788,0.000118394902666198,0.00469543710019014,0.0109958610671866,-0.00268239442933475,0.000859249036711908,0.00451907021479748,-0.00289011931169379,0.00692491757295711,-0.00760947321455184,0.00532065572227045,0.00425836949189156,0.00114023683250399,0.00253398229915397,0.00649098684456898,3.21651933920723e-05,0.00492289244812273,0.00179839383507237,-0.0020937722152256,-0.00482659164220858,-0.00216138009802472,0.00227857276382641,0.000120143443703319,-0.00210123542546136,-0.000878996370514857,-0.000811479416352349,-0.00186817313131443,0.000131765333316764,0.000242042407174957,0.000431771100044655,-0.000685820966926882
"Macropus_giganteus",-0.101350016117231,-0.0404975138612975,0.0642117425283108,0.0134901545672728,-0.0118591242980834,0.0286145951497741,0.000690600056493184,-0.00223793718277512,-0.00829940494016349,-0.00217970397132145,-0.0039595669632082,-0.0021851681546071,0.0115985334203784,-0.000311016832513629,0.00404372915739159,-0.00974168626656955,0.0075140912857791,0.0104460174382185,0.000905748518668416,-0.000614783250467728,-0.00128713156931532,2.41690443843469e-05,0.00396510757620266,-0.00281882788593343,0.000449985997584543,-0.00239298083176288,0.000904341698480844,-0.00196785962033364,-0.00119168343198663,0.00199172254398857,-0.00148128553677564,-0.00145348741692911,-0.000581295290704114,0.00147697596509629,0.000103732506375984,0.000610403654161874,-0.000479785895789974,-0.000583091963984742
"Macropus_irma",-0.00593751642714981,0.000728835548606406,0.0180052202720704,-0.0132604328546867,-0.0340354324130769,0.00709924333493666,0.0239562299523803,0.0160943683605581,-0.0149153285146534,0.00937739054566277,-0.00664051524711886,0.0067698913299246,-0.00690562471940504,-0.0027553232282356,0.00388214367894171,0.00728771865583084,-0.0130360432855265,-0.00203437085525306,0.0105216567255729,-0.00383909048845026,-0.00122418394137521,0.00521912045496543,-0.00781119209462059,-0.00315903483880208,-0.00186310792344675,0.000269664046813636,0.00017690453180094,0.00342003157785389,0.000100121581885588,0.000255101268666171,-0.00149447809228019,-0.000227166918554497,-0.00124476967952893,0.000674981409017885,0.000142455782959376,0.00062220274975199,-0.00080202635119069,0.000315750218111537
"Macropus_parma",-0.0357745570000697,-0.00223890311052243,0.00326462068022038,0.0518622500648165,-0.0137694229895871,-0.0209426547093564,-0.00453963705154265,-0.00909116753752184,-0.00877322327814349,0.00258979847552251,0.00542362964776765,-0.0145664212253722,-0.000467467396635529,-0.0098288479620563,-0.014269469160992,-0.00448336226029579,-0.00110990171556899,-0.0095832215880889,0.00104036263057829,-0.00199890405793225,-0.0054361962148965,-0.000676187200916091,0.00177944727577261,0.00281184742996543,-0.00262423830395992,0.00576941319544844,0.000167679602098779,0.000373264582317341,0.000189281225389431,-0.00341734346092403,-0.000242836217180479,-0.00143744121836591,0.000480263452267096,0.000848495142595796,0.000611780646483179,-0.000574176646485689,-0.000843844026292873,-0.000219938306444172
"Macropus_parryi",-0.0349299450580727,-0.0166540665816741,0.0157816566706618,-0.0262693565728088,-0.0158883934761885,-0.001019893871307,-0.0236200362403465,0.0159031589158342,0.00172198498716753,-0.0115500336463225,0.0102191177895494,0.00347664611686101,-0.0103381231894138,-0.013258444631651,0.00525733889023279,-0.00354564462987285,-0.00105185352316454,0.00566774163648973,0.00513123389862016,0.00618938256549202,0.000103288736768691,-0.000590261756423773,0.00206672906112989,0.00203581926233097,0.00217604459422549,0.00109425181638209,0.000361008669630379,-0.00232857111602605,0.00417500134385004,-0.000949208069027257,0.000246556240127635,0.00175332953968214,0.00255275736498158,0.000426965779698862,0.000844531344747272,0.000603340339599471,-0.000390169268943373,0.000656394158073367
"Macropus_robustus",-0.00120723185295448,-0.000124430094682085,-0.000208200961676754,-0.00330196417054004,-0.030305888957515,0.00524618313946861,-0.0152069918033751,-0.00528491944788276,-0.00918959638349758,0.00222866434102507,0.00974596349515038,-0.0180961659900192,-0.0177896988776609,-0.00985321300572643,0.0107692461464469,-0.00468468578392257,0.0140580705518199,-0.00221595403842708,0.00321317392793104,-0.00128139205472583,0.0104719940649197,-0.00155634710590469,-0.00302060232223653,-0.00101535228042157,-0.00134390712738888,-0.000332685007150427,-0.00215447852204271,0.002986489666187,-0.00220308880677797,-0.00117568384073045,0.00133604552742427,-9.5084358034287e-05,-6.12617926739126e-05,-0.00067285940541249,-0.00102184883244453,0.000396923548440848,0.000112512286428074,-0.000186506943011638
"Macropus_rufogriseus",-0.0444441132614886,-0.0267729628025964,0.0250694106629604,-0.00615926925299711,-0.0216161878186652,-0.000341726596257206,-0.0142510079370461,0.00449337029106283,0.0066669220017459,0.000377757219316301,0.00201725871569701,0.00527532698679111,-0.00266072809073185,-0.011293860651794,0.000819578865591509,0.00212713105845547,0.00370945775753075,-0.00321873095504566,-0.000818425631171776,-0.003605262888647,-0.00931726383568143,0.00352022006637389,-0.00465569994743552,0.00217179934820353,-0.00217529481242353,0.000635138882932521,-1.86669523345468e-05,-0.00411234706931868,-0.0036958138220099,0.00331751905345593,0.000993542321191442,0.000704654566951978,-0.000151955666712909,-0.00117598190041548,-0.00055320263154335,-0.00143121132530612,7.76735924696752e-05,0.000421295716382607
"Macropus_rufus",-0.0449651210534919,-0.0349808738053691,0.0161605985076177,-0.0123264247299223,-0.0131965222308072,0.0491939740126671,-0.0064802068063584,-0.022590022769012,0.00195461932529114,-0.00552316694064647,-0.000617438757142875,-0.00599140353692711,0.00638682381826153,-0.00486461920595183,-0.00985336100814629,0.0171367427297527,-0.00596592194608591,-0.0039690362206462,-0.00853039439552424,0.00148828955409989,0.0102163434820393,-0.00398428294801691,-0.00281045083201718,-0.000999292800276967,0.00241890390699011,0.00260437191931769,0.00124427887544033,-0.00070795136925474,0.000307627989052258,0.000221340934341409,-0.000115586951443896,-0.000637391656332689,-0.000278839306346508,0.000114113786391945,0.00069282177464172,-0.000324025244117508,0.000389872877422764,0.00025935052428659
"Onychogalea_fraenata",-0.0448473155615433,-0.0153986350779247,-0.0376824974180543,-0.00850365425051844,-0.0339679787009808,-0.015615558281022,0.0217568278122114,-0.00693951585726847,-0.000935309241713355,0.0142124897017843,-0.0101711471014841,0.0191218664954803,0.0127609052172424,-0.00238372822039175,0.00972608108455365,0.00113640595309835,0.00475585766584032,-0.00106109412048589,-0.00975727920316695,0.0115056396061207,-0.000909299075941695,0.00210441085476657,-0.000512503687985269,-0.000714054988024932,-0.00236309612295492,0.00340596580784202,-0.00230762960995794,0.00127349862803353,-0.00174421405695574,-0.00143686065392406,-0.00108026003976182,9.40413712606962e-05,0.00191708489923748,0.000247421282532929,-1.30781884492297e-05,0.000206168895498098,0.000504875586022794,-0.000141636370147177
"Onychogalea_lunata",-0.0220081711109872,0.0123973241608483,-0.022927126522717,-0.0324589514976068,-0.0227547081886877,-0.0187127813466396,0.0147932917606884,-0.0422533012299335,0.0206018585561076,-0.019232674624254,-0.0119089538631702,0.0159063028902566,-0.00863453368057441,0.00383721677321531,-0.00108123019930627,-0.00015622066888042,0.00603019980403664,-0.00866092593872683,0.00516062680662524,-0.00589212960456244,0.00238182199181339,7.47066574353661e-05,0.0053481703942576,-0.00190919797729322,-0.000287376867225078,-0.000581410254646102,0.000693411128841822,-0.000716406771829962,0.00110046344006338,0.00122322326988634,0.00153009619740492,0.00113172049401896,-0.00070511213151174,0.000310316740726778,0.000632088418337829,2.17390642175458e-06,-0.000691768603138613,-0.000292261305100255
"Onychogalea_unguifera",0.00685304823352896,0.00301332718502281,-0.0567464244126114,-0.0054563932376903,-0.0344176440892084,0.00758802159412876,0.0179955623525964,-0.00888554919114208,-0.0187614492040059,0.00737882628898545,-0.00708849198260991,-0.00767286811876057,-0.000165684926847865,-0.00037381918721377,-0.00216552368938964,-0.00311295701108956,-0.00640400684411274,0.011081831193466,-0.000355058829210072,-0.00682303392158691,-0.0056153681794284,-0.0134319035026905,-0.00264314783097813,0.000475349259944598,-0.000618789826112225,-0.000219516867127997,0.000113188254230318,-0.00196538309936101,0.00179009492972492,-0.000103857752634493,0.00054112152100319,0.00188680822941744,0.000223795975799099,-0.000250627469746791,-0.000723852859664708,-4.89508609887174e-05,0.000395000510205359,-0.000295526800554402
"Petrogale_assimilis",0.0331541760935527,0.0123191520163237,0.00431136628659524,-0.0282230554892525,0.0175405001226358,-0.0220458122129602,-0.019417028588025,0.0157225830208955,-0.0172527508857979,-0.00843901346668209,-0.03265673676584,-0.00249588267690846,-0.00476776297697918,-0.00870173900374409,0.00821482304016751,-0.00648250184822824,-0.00611136391119401,0.00292205844268466,-0.0037611300278588,0.00150615142007639,0.00275891546912893,0.000993258456390254,0.000148360205598769,-0.00432281599340001,-0.00208096275935657,0.0025717843386741,0.00322718132710294,-0.00114427582346684,0.000394699920669924,-0.000653994322932012,0.000652221324366935,-0.00169699232163548,-0.00118975565807809,-0.00085143165268041,0.00120208517983447,-0.000709387143792078,0.000411603252660295,-0.000419135998998516
"Petrogale_brachyotis",-0.0531325294657163,0.00314459299021383,0.0537666820449005,-0.0237038964143362,0.0177923983417608,0.000766170582771066,-0.0146709572624204,-0.00403908774524543,0.0103071134981505,0.0014982311100424,0.0013678408687577,-0.000257453654244875,0.0030652692699229,0.0248991922941075,-0.00535558137916802,-0.0126940429285415,-0.011833674686304,-0.00362851466617326,0.00518621070584801,-0.00188454605090908,0.00193813488665551,-0.00216559265817597,-0.00074694029741457,-0.00523263479926328,-0.00173208180716869,0.00334236229896751,-0.00114488744669506,0.00102214682799474,-0.00231512387669176,-0.000674949559296836,-0.000253241567234824,0.0016712435893438,0.00195808937920663,-0.000501179129300012,-0.000473311191844708,-6.2662179069534e-05,0.000407597136139376,-4.35672140492676e-05
"Petrogale_burbigei",-0.00417742320490232,0.0257163261892827,-0.0322029520324156,-0.0146775846449847,0.0237388490659058,-0.0351533938051267,-0.0112973548047907,0.00306992414090418,0.00520202176617518,-0.0168485800273264,0.0228564768979458,-0.00918216950884592,0.00127725150731439,-0.00142472187425485,0.00545515479211963,0.0150722060954363,0.000464524862097822,0.00863510411163279,-0.0015509591304074,-0.003295675285119,-0.00197228966061916,-0.0011374870374105,-0.00124798542233686,-0.00323243480325611,0.00195298080315215,0.00158648182510644,0.00195265745345519,0.00256874651627318,-0.00286743032723318,0.00156530716109697,-0.00165136208935252,0.0011426277188056,0.000866112343657935,0.00122947049474473,0.00047778835237847,-0.000433848714066333,-0.000219299470505987,-0.000436229316430898
"Petrogale_herberti",0.0177939552624233,0.00797971407672312,-0.023498289879758,-0.0194890819077079,-0.0055136492921682,-0.00286644998685874,-0.00216978338147055,0.0191663652199972,-0.00657038131745741,0.00142478012742373,-0.00320697128493193,0.0100450324769162,-0.00495482209869603,-0.0111375686507379,-0.014124531137439,-0.00405949396088222,-0.00698009083759821,-0.00285050112481696,-0.000734133785047842,0.00491354851889311,0.000195028281299314,-0.00462599591304213,0.00574047114943584,-0.00118873879999534,0.00901872515183635,-0.00412548506024026,-0.00249134933713182,0.000891412085165703,-0.00419130351065606,-4.00139690200749e-05,-3.71699624490915e-05,-0.0010034074029328,-0.000105227927745904,-0.000372825355618493,-0.000442213307551832,-4.07597343320825e-05,-0.000674000175023339,-3.47254548551677e-05
"Petrogale_inornata",0.0267464858634557,-0.0163915813222489,-0.0249585790064098,-0.0212529266740383,-0.00496077185612063,0.00327992919008291,-0.0066370216378779,0.0136967320440758,0.0142722702122619,-0.0010008722135621,0.0181182728331263,-0.00335567349848609,0.0028178596538265,0.0009915717138453,-0.0118567435148493,0.00074150635546527,-0.00177636268635565,-0.00392180247905849,-0.00291586293914002,0.00693605196174233,-0.0029420640102972,-0.000802903469869719,-0.00302776961647453,-0.00288501000557417,-0.00907352415222536,-0.00636957682864376,0.00218760047241996,-0.000126117344174514,0.000580761351028723,0.000895715036827587,0.00199347767920872,-0.00146774430417384,0.00047935405104304,-0.000223998552644365,0.000404516365949798,0.00103491719502108,-0.000108127141951403,-0.000405860881131261
"Petrogale_penicillata",-0.0214675525088921,-0.015652613617501,-0.0295376156335835,0.0344977207158497,0.00159140462598286,-0.0214418657888587,0.000382579016163521,0.0240424196076606,0.00567411323309088,-0.00328474943526442,-0.00783406030843106,-0.00170584130761318,-0.00690269854230393,0.0028596552462993,-0.00763772376193077,-0.00921883344808453,0.00104126476244699,-0.00597763122979327,-0.00587863473931778,-0.000110853717235748,0.00514114269673039,0.00182303899488519,-0.00494714618517661,-0.000536035020859354,0.00292412608149053,0.00215351950485402,-0.00131373082913818,0.000601780791040381,0.00341616952790814,0.00528048612570435,-0.000169658736068428,0.000108721868090615,0.000116186185179717,0.00132435737651021,-0.000762678943247852,2.77411578856282e-05,0.00047969459000669,-6.46826497709872e-05
"Petrogale_persephone",-0.0238045761654774,0.00321795414597332,-0.0220660459275101,-0.0411687805450661,0.0339942980414127,0.0148487181047021,-0.00938753527765049,0.00152665793182179,-0.0208614048060434,-0.0162754759433792,-0.00293389323367504,-0.000765629949475166,0.00548621266935512,-0.00282225707191827,-0.0118920125169907,-0.000654131984141652,0.0041854670439601,0.00416368053470869,-0.00800544008193607,-0.00253038857134639,-0.00206100126943348,0.00747493995491912,0.00298582228301066,0.00210187342219449,-0.00364824436574795,0.00280060667566169,-0.00263273408812761,0.00119907783315728,0.000578448497773844,-0.00110932620027402,-0.000232757151534251,0.00233548897505367,-0.00185023170701679,4.23595008864871e-06,-0.00112858252373489,0.000812149014404977,-0.000323136966455798,0.000207813443360391
"Petrogale_purpureicollis",0.023432138960722,0.00346765053284786,-0.00273187632750283,-0.0186813250563207,-0.0161095416748828,0.0184847865005086,0.0031088343421846,0.0270682410001533,0.020122918171857,0.0121645095688612,0.0160661830829198,0.00848423074786635,-0.0112830603159617,0.0143771602905385,0.00176148324733748,-0.0065244433283135,0.00729524895539697,-0.00269519725035634,-0.0080295247096349,-0.00314362700823377,-7.47196926128552e-05,-0.00278023309082117,-0.000811648103201891,0.00470909284822923,0.00169454716968266,0.0025422975770775,0.00362445722183111,-0.000361710606219362,0.000308318647451534,-0.00163199998049152,-0.00317648372588198,0.000404347411879643,-0.00169790161925307,-0.000771856873048966,0.00069144551233774,-6.48923226576735e-05,-0.000296379459617651,-0.000228736033842599
"Petrogale_rothschildi",-0.0137878799783431,0.0191312660032693,-0.0150769169724905,-0.00685070835625853,-0.00276879324323808,-0.0220638514212552,0.00636660917309602,0.00993860021639663,-0.0236722129339437,0.00771715940307646,0.00710958423682811,-0.00373650022570422,0.0216594344809665,0.0132072901768708,0.00314565898377189,-0.00181895510686487,0.0054529020418713,-0.00170407084461444,-0.0055376157048595,-0.00815854995473552,0.0065690729590029,0.00135761863903394,-0.00137039407274369,-0.00268340058291688,0.000570236137138744,-0.0047707461359219,-0.000814177417943806,-0.00184253529226356,0.00121853461108962,-0.000766369708746765,0.000548661516319244,-0.00076038173882549,0.000972954149650007,-0.000432921018735413,0.000469311024077439,-0.000832505303703621,-0.00103142206184878,0.000649920021890425
"Potorous_gilbertii",0.0694476331232554,-0.0800278517262959,-0.046645789637899,-0.00640670420309219,0.00332582427556214,0.0138797823247236,-0.0168075837727023,-0.0149044977244975,0.00435706219433855,-0.0120091928459875,0.008469813861065,-0.00146200097610133,0.00140556294220984,0.0103163224281403,0.00859175058209642,-0.00796584467721996,-0.00263171154026462,-0.000840048274723767,0.00359788247601318,0.00398792670824183,-0.00450003671000493,0.000621983421101636,-0.00279991021069828,-0.00086154248224214,0.00132414791013812,-0.00219811379168101,-0.00415245363246071,0.000266601350265546,0.000102738500386564,-0.0018195133570145,1.05061452894312e-06,-0.0007114571384658,-0.00186861583328478,0.00163009368653932,0.000497740890449133,-0.00107013190248312,0.000436930559980741,0.000283940997861152
"Potorous_tridactylus",0.0921146330043465,-0.0668755156257712,-0.0395851285627555,-0.00734559243646297,0.00574483764878519,0.00969299784205738,-0.0075961183919148,-0.00658226552196631,-0.0172735537302635,0.00621055275477923,-0.00556599248289034,-0.00910914444926933,0.00131193724746037,0.0121367163520894,0.00717423332829341,0.00633533279940171,-0.000830276726426822,-0.00773111882407062,0.00491660196250746,0.000127759812332487,-0.00200048770386314,0.00423955300636563,0.00489880122068503,0.00195260205534542,0.00263398971684535,0.00284496268909311,0.00461436591117985,-0.00207382748131178,-0.000319777336110531,0.00124810796177043,-0.00044953559158061,-0.0012563392439019,0.00154699015065912,-0.000387186084046801,-0.00131856533546901,0.000784492875071822,-0.000303283649441507,-8.94821171212696e-05
"Setonix_brachyurus",-0.00156229544613445,0.0489077549581918,0.0121042356517601,0.0259599673112912,0.018726083189231,5.89305750988804e-05,-0.0151795016876936,-0.0272990199203987,-0.0123593193261102,-0.00467989703362815,0.00387879653360565,0.0127351104672991,-0.0191644225045324,0.00640069944539511,0.006558088750804,0.000970583032093587,-0.00359203022020611,0.0022996090933106,-0.00773514633539391,0.00086847234704926,-0.00257430824865999,-0.00625935292599978,0.0028754363419099,0.000612675161278619,-0.00441840140523744,-0.00091500864031057,-0.00100981778829285,0.0015968656076971,0.000716998140536808,0.00203660041153133,-0.0018341524853556,-0.00284515947636474,0.000229438143855932,-0.000317382047448739,-0.000449208930373011,0.000179603240463544,-0.000279673136782986,0.000642942384649361
"Thylogale_billardierii",-0.0724553715071094,-0.0244694431708461,-0.0169327302026953,0.0344725875311738,0.00690973012373539,-0.0364426384332202,0.00411446165168177,-0.00241075647027947,0.00376551204332477,-0.0142806051687293,0.00117675896235417,0.00649620725497064,0.00590211146730448,-0.000989108289187653,2.9831786661109e-05,-0.00332119894581344,-0.00377358663549856,0.00141301612385564,0.00246989411684936,-0.0018835916233535,0.00416359511994932,-0.00134156827836507,-0.00132008753165212,0.00464022891559214,0.000357456900463695,-0.00241449867817496,0.00558977427316268,-0.000828052385221045,-0.00287477103199846,-0.00211577012980755,0.000343429699969248,8.61149356839893e-05,-0.00141730087016175,0.000161926210286024,-0.000313533787463521,0.00118396495866963,0.000939769027998598,0.000641743429039485
"Thylogale_stigmatica",-0.0400024838528506,0.0363756212442105,-0.0100581032798586,-0.00933226931894796,0.0183471720678811,0.00201067383610333,0.00143904504453733,0.018967020321997,0.000767858028456755,-0.0052295401838025,-0.0166919797967892,-0.00642162706859311,0.0100323617066001,0.0124786154815857,-0.00263059488760616,0.0078220562036116,0.0130745129384629,-0.000686406284817478,0.0128719002454594,0.00560888980460742,-0.0029087308869146,-0.00778812346675743,-0.00164812922892698,0.00450904105688793,6.49666913285954e-05,0.00316805487586355,-0.00282532718667254,0.000729287440152159,-0.000402837160050752,0.00136924272704402,0.000586988716648792,-0.00139727863964353,-0.000631109202392326,-0.000527497244069182,0.00094604150874654,0.000426286917991459,9.18227578605727e-05,0.000266517832369485
"Wallabia_bicolor",-0.0521980301072657,-0.000818787504900158,-0.000112671153065704,0.0262247403549382,0.00712114324004155,0.0116290455225766,0.003920378522243,0.00292892600228459,-0.0134347871133276,0.00368647952668449,-0.00836738068380828,0.00233010341829098,-0.00982893305851532,0.0116525459759782,-0.00410857781821491,0.00486168621898397,0.00129064666060498,0.00455507640004686,0.00433502525644264,0.0114089911286189,0.00328099754013699,0.00249751074630251,0.00161384975706262,0.00406594626797424,-0.00188573655246843,-0.00430385456799832,0.0038480128801247,0.00233705250040515,0.000707584429055773,-0.00046583083125316,0.00055196375820956,0.0022842551392405,8.02227081456735e-05,7.8780085372555e-05,-0.000555941838225249,-0.00185831961630233,-0.000353060712174067,-0.000230248797128175
