"","PC1","PC2","PC3","PC4","PC5","PC6","PC7","PC8","PC9","PC10","PC11","PC12","PC13","PC14","PC15","PC16","PC17","PC18","PC19","PC20","PC21","PC22","PC23","PC24","PC25","PC26","PC27","PC28","PC29","PC30","PC31","PC32","PC33","PC34","PC35","PC36","PC37","PC38","PC39"
"Aepyprymnus_rufescens",-0.0600509340681456,0.000530701757979898,0.0522788169448931,0.0253369853962776,-0.0232843029810949,0.00916095770644049,-0.00434129360803534,0.0319871190541082,-0.00108694276956315,0.0200752920621598,-0.0117105876529099,0.00319605347470267,-0.00411272362556656,0.00103923485479546,0.00419207217830534,-0.00664643638195637,0.00857638996646179,-0.00141128467209872,-0.00389316348746508,-0.00284837585668327,0.00813145798118459,0.000441487986409537,0.00280103884089025,-0.000464608643493087,-0.00138729461222051,-0.000505071593449152,0.00152409428105349,0.000375377802435382,0.00200930828205934,0.000416149123922266,-9.82969716973513e-06,-0.000651901677004535,-4.14167927715052e-05,-0.000658022546549008,-0.000248610797395692,-0.000316881525564407,-0.000621579563367545,-0.000290102289884386,-0.000100491069841566
"Bettongia_gaimardi",-0.0755254582429366,-0.00426348883794243,-0.0168912622926743,0.00375850674679498,-0.0265599879485261,0.00140487755974121,-0.0159250590058058,-2.6904529352022e-05,0.00917703879448026,-0.0180531151875287,0.00623596139648176,-0.0069288345495046,0.0113139179458773,-0.000969568309438797,0.00420969649477708,-0.00913877001704879,-0.00456453961978003,0.00326556442369429,0.00923626709301315,0.00790422232900576,0.00552475100703841,0.00580408466102799,-0.00086545161088547,-0.00264050283265417,0.00176839515160524,0.00145816158994641,-0.00219847175829362,-0.000730604633547843,0.000832265679156917,0.000362719214549379,0.00127596330080329,-0.000932276332431915,0.0014172965554616,0.000820362757846535,0.000797364139294605,-0.000556558595491372,-8.11626684648453e-05,-0.000214186842327105,0.000163851936880292
"Bettongia_l_graii",-0.0630601705981505,0.00537569440650221,0.0278993226869872,0.0149484871741716,-0.011117984406973,0.00337928749910042,0.0146090492932655,0.0153847119773815,-0.00963195415613938,-0.0117442420027081,-0.00782822472372716,0.0226206909612091,0.00304479332547156,0.00247858672465946,-0.010369333625714,0.0088416768248535,-0.0022154816232123,0.00159302554061589,0.000777291233193894,0.00742716741816448,-0.00023795276853543,-0.00141769876656407,-0.00803384971617156,0.00105489682206527,0.0012055374982853,0.000127226859978623,0.000266803796164399,-0.00153882474919515,-0.000140981756626131,0.00156989595305841,0.000920142970116085,0.00110630898730583,-0.000669994642138708,0.000500499031812748,-0.000906011892324577,-0.000274550605377396,0.000785507480422155,-6.85763121852635e-05,0.00011443814742908
"Bettongia_p_ogilbyi",-0.0698817575814155,-0.00503485355394934,-0.0291485847180406,0.00960415630641574,-0.0334065201353178,-0.00732183176155979,0.0121255669731301,-0.00818134666407227,-0.00157495289374376,-0.00793166630672744,-0.00673928213218083,0.016469585873081,0.00510636585385538,-0.00424253576132335,0.00605597260609137,-0.00294381786758149,-0.00145110780160976,-0.00756077741279159,-0.00130172200267045,-0.00606132816785662,-0.00514006690093407,-0.00262764727309888,-0.00277134569273546,0.000991358935052459,-0.00415168849213871,0.000972281246942547,0.00276040185000061,0.00163151050629677,-0.0034339476172088,-0.00186284179705681,-0.00210592790909111,-0.000901936831840755,0.000982077590446705,-0.000171167993016188,6.73836441949742e-05,0.000352939047245943,-0.000390336560947583,0.000203971295399731,0.000180519917358266
"Dendrolagus_goodellowi",-0.00918396341342791,-0.0135830372945548,0.0343471779489519,-0.055952704334258,-0.0168161857289618,-0.00981554109361223,0.0181443752662246,-0.0128065946375273,-0.0101526616834219,-0.00791113272440423,-0.0103025374207623,-0.0143380057817189,-0.00108431233826171,0.00483855477453191,0.00809084325919182,0.00355194543118865,0.00234625877441609,-0.00601962639421453,-0.00642097962044277,-0.00168168845920279,0.00436098749465972,-0.00246877869171208,-0.00123693766033889,-0.00096579417663794,0.00180556848978321,0.000554660321744012,-0.000654636367903807,-0.000588852733654485,-0.000148396547475988,0.00234490703139565,-0.000985809778145465,0.000978513116125198,0.000280774268727605,0.00019296642690605,0.00174390225570402,0.000594005975768197,0.000288899808219748,-0.000445295592946529,7.27957789873731e-05
"Dendrolagus_lumholtzi",-0.0386869966956809,0.0305794176983528,0.0364577569593176,-0.020598910891134,0.00903346967456991,0.000292208571887809,-5.78835073372332e-05,-0.00203491058864158,0.0341846638973569,-0.0173401839342915,-0.0085887244905747,-0.00881274866972522,0.0216756175837317,-0.00439193090798821,-0.00872685198235587,0.00285477493270873,0.00169460902967084,0.00421715601665712,-0.00310288153692284,-0.00432501291319988,-0.0019588591944888,-0.0029898392458143,0.00429579119790096,0.00201453587350542,-0.00148897736862693,-0.00197409801326078,0.000932568583798734,0.00168058473600578,0.000189341441053298,-0.0011728444013309,0.00150187742896465,0.000932520360980478,0.000179265729261026,-0.000606603127175691,-0.000108638258907441,-0.000127753867637799,-0.000111490792428653,0.000309784909770379,-0.000120805559089728
"Dendrolagus_matschiei",0.00452610010615778,0.0232107791198244,0.0312027796138691,-0.0297865576397436,-0.0177927057766263,-0.0163953621645521,-0.00085960751402523,-0.000744939109517891,-0.00895072325833879,0.000974523188998348,-0.00207884860450543,-0.00120578303141074,-0.00623397338866637,-0.000122624287566821,0.00721229121825494,0.00705276939058519,-0.000705981616705322,0.00335343252036892,0.00971448449773515,-0.0088821119948859,-0.0065149721319747,0.000644873788581185,0.00331602142460609,-0.000965386025961322,-0.000356106481570057,-0.00214391772377755,-0.00387197832944338,-0.00218199568578497,-0.00163213415125539,-0.000649807540928125,0.000948577026643722,-0.00171019599321289,0.000139573330761017,0.00065371490070896,-0.00176309169704946,-0.000348885876391082,9.03415139321569e-05,-0.000398121411388188,-0.000164474093806478
"Hypsiprymnodon_moschatus",-0.118396431827738,0.0313610818667346,-0.0454063787256102,-0.00471170851389933,0.0185127465585459,-0.0292152519625459,0.00289133349501957,-0.00281343802035493,0.000708850336317461,0.00689097350838092,0.0167382374694269,-0.00513927581523691,0.00134706857877592,0.0129284108646256,0.00577668523316498,0.00501598361419706,-0.000138515899745557,-0.00316965516120704,-0.00233685073934179,-0.00116129361619052,0.00438487958418492,-0.00163845017248068,0.00062412428496862,-0.00461073103169641,-0.00117870714817191,0.00239886351070013,0.00107940088444217,-0.0010165673689727,0.00103229077686435,-0.000104694837859924,0.000635840873293514,0.000335295621340046,-0.00120371052319977,-0.0012213287105716,-0.000754453432787674,6.45951584629602e-06,0.000161418477715508,7.14623448195752e-05,-0.000155176826932554
"Lagorchestes_c_conspicillatus",0.0154199013254306,-0.00440664458228339,0.0392154132152391,0.0104652997084636,-0.0183216868119368,0.00970481945004977,-0.0278214912350807,-0.00330632857168954,-0.00302532449233312,-0.0177846608001371,0.0064529787663464,-0.00720949861068075,-0.0137702088523727,0.0112944876846121,0.000771088735046653,0.0053522485332225,-0.00475349831221789,0.00229597080570367,0.00316548390087199,0.0025147308932149,-0.00869885501610114,0.000506437762501239,-0.00416921034649561,-0.00144778776530498,-0.000767478977949846,0.00206404328998441,0.00101560160922403,0.000884059551939078,0.00104771280968306,-0.00113533665409661,-0.001291383729334,0.00100523975284559,-0.000397067666718831,-0.00192801085592212,0.000255733735073116,0.000213966339185088,-0.000626106714993016,-3.32305661316702e-06,-2.22565419258577e-05
"Lagorchestes_h_hirsutus",-0.00599763104831664,0.0141168392972607,0.0107386473377438,0.056622135970892,0.0092432861317335,0.00218725031221404,-0.0124087416741813,-0.00710771893121443,-0.0010077294244223,-0.0101858606187156,-0.00683329061613433,0.00253503534160983,-0.00478187141656751,0.00173212860128282,-0.000575004193518852,-0.00445820923172512,-0.00615839418046902,0.000461558611756908,-0.00898708325076833,-0.002829758030456,-0.000677340786970524,-0.00615827424675641,0.00726585645011006,-0.000936417954755126,3.38580756116559e-05,0.00454053158154042,-0.0047570061761952,-0.00297008977188729,-0.00171020327526491,0.00142616312212175,-0.000420121029953768,8.46534883026209e-06,-0.000427876708228946,0.000880686196632579,0.000511651307739874,0.000288413466446053,0.000172934513215199,0.000332611076688536,-0.000207386607956144
"Lagostrophus_fasciatus",0.0157180981078553,0.0197700697408257,0.0318717657369798,0.0284973166605286,0.0112398017255556,-0.00177320764580062,-0.000661654791675543,-0.00960044855982758,-0.0113598247543113,-0.000416015068658437,0.0226703456687345,-0.00284514957141623,9.20415660468271e-05,-0.0130628613362657,-0.00832313287928404,0.00108540278701372,-0.00938046627965279,-0.00907367687547821,0.00480746450121573,-0.00404736922754319,0.00579655330840905,-0.00771572644750981,0.000592483415311485,-0.000916476431796213,0.00243689262699337,-0.00170743509377417,0.00390336749458236,0.00189701325089087,-0.000343982099243903,0.000471366635160475,0.000294662576838506,-0.000623147984641869,0.000444833271046348,0.000109183607783942,0.000327695923882589,-0.000140039866149618,4.48005018066699e-05,-0.000589665430964679,-4.02199056974984e-05
"Macropus_agilis",0.0372229681042614,0.00754608750976158,-0.0214715232297739,0.00779688979082845,0.00122245981458075,-0.0104996448132978,0.00449488851482137,0.0255379258791664,0.0124881812246353,-0.00978679899273532,-0.00296097505084884,-0.00820859232150541,-0.00110702224620905,-0.00302343644842315,-0.00489476166214127,-0.00449475959090087,0.00566523404463722,0.00168763959876704,0.00428642871625997,7.28847995676846e-05,0.00339567860128833,0.00214144237292521,-0.00320262780790588,0.000419955699003231,0.0013661541214524,0.00188021156779658,-0.00252736438476052,0.00375690922149221,-0.00267962770025781,-0.000701043058760296,-0.00225072963104258,-0.000912925836452509,-0.00176764902996315,-0.000539799824852603,0.000325871374399099,0.000589918967657079,0.000526893104131482,-0.00048682471322661,-0.000472037860872699
"Macropus_dorsalis",0.0136751897339455,0.0160598792536419,-0.00703312475087465,0.0102153266413414,0.0059519052113473,0.00609448160807109,-0.0125909368243409,0.0265924926903366,-0.00792431092517238,0.00829773380161049,0.000772712060971645,-0.00703510780752375,0.00946177255695019,-0.00587510317567342,0.0149990245211794,0.00500370770850137,0.00238126642958326,-0.00186325335514358,0.00275597642609856,0.00634650747114168,-0.00639276378400893,-0.00186697715540288,0.00293534127796063,-0.00528076147850874,0.000245610042293257,-0.00522846253257702,0.00160382420495162,6.84545600481205e-05,-0.00230689205019832,0.000453079994569412,-0.00125330039405793,0.00189194832411984,-5.0341062221513e-05,0.000729785769995541,0.000627162159128781,-0.000356041532398442,0.000307651203338513,0.000378828045997925,7.99742939386024e-05
"Macropus_eugenii",0.0136453816560441,0.0417817003582113,0.00348223532903218,0.00212220149158031,0.00565743434980371,0.0119382231570008,-0.00514579089460266,-0.0163626168327538,-0.0134167238472058,0.00913987995817566,-0.00808841262845559,-0.00930692940931582,0.00155545516251305,-0.00263010075225666,-0.00374132092488285,-0.00233242170566044,0.00392782134130803,-0.00530161168381309,-0.00463808389508886,0.00549861927379285,-0.00383889867391617,0.00470685737876713,-0.00391491035387202,-0.000521740420057834,-0.000313407396091388,0.000846124084513165,0.00163211066439838,-0.000963257923740006,0.000786831138873354,-0.00179344007828117,0.00012667166913722,-0.000581674565430831,0.001731423088516,-0.000540459399811413,-0.000428499565422686,-1.7263291126039e-06,0.000823529842901767,0.000123846199594961,-0.000703887802229333
"Macropus_giganteus",0.0893004102903468,0.0218423123619267,-0.0540698341479144,0.000592874026361853,-0.016561291413505,-0.017209130285797,-0.00155021620322302,0.00349876017043989,-0.00356853661723962,-0.00193585946471083,-0.0112228214064722,0.0105652075959399,0.000872680650984783,0.00324749156130405,-0.00462522840562611,-0.00383835979837153,-0.00188860666066508,0.00785792166913273,0.00152418565014187,-0.00549722771498995,-5.96440446002881e-05,-0.00904901005126446,-0.000917844587411847,-0.00232452243212623,-0.00192939369512297,-0.00293002340526608,-0.000534914873084007,3.68185126687548e-05,0.0031491497414462,0.00136954629891104,3.31248127660916e-05,0.00120063832724381,0.000945377044232978,-0.000864236261945181,0.000451242738697679,-0.000762054316685214,-6.39437473276005e-06,-0.00037656305510033,-9.30124338994116e-05
"Macropus_irma",0.0285238190535722,0.0343174957317527,-0.0230702979159677,0.0101647338612975,-0.0242437241829082,-0.0121441227385604,-0.000136626434052616,-0.00495320904338098,-0.00393463022326107,-0.00881550300462012,0.00326737479073017,-0.00237963204427864,-0.00589665572425709,-0.013549664698788,0.00538658465243333,0.00600524857438925,0.00871873224036146,-0.000741713327370836,-0.00387827759209915,0.00898592135726394,0.00519135070076965,-0.00191337325622843,-0.000377796977511553,0.00496211287475294,0.000149491075829304,-0.00049746833136127,-0.00162171820551092,-0.00156403557028441,0.00202436773218975,-0.00125828618329973,-0.000106296064075099,0.000391085779740837,0.000537873492268548,0.000714256604321611,-0.000559178217453936,0.000807216975639182,-0.000669960085096029,9.34079089701194e-05,-8.64171761724012e-05
"Macropus_parma",0.00891352578858714,0.0179327042150554,-0.00774363177118031,0.00585970800496648,0.0101674180735445,-0.00375048032637613,-0.000233400525444246,-0.0109096419637695,-0.00475361179939757,0.00463516925706471,-0.000467730244461501,-0.00696949201583474,0.0025929334756084,-0.00161532712508287,-0.0104935072532338,0.000842589085315915,0.0103899700241107,0.000240962792472838,-0.00793928047650688,0.00415546537917608,-0.00744391475157519,-0.000223215328877815,-0.00183509017390498,-0.00352679228061116,-0.000112363795648854,0.00116537355233833,-0.0007126724021241,0.000532613718390411,-0.000902767566155778,-0.00120549101824061,0.000967023657354378,-0.000503686368070537,-0.00151505981245636,0.00100062700904273,0.00012099229081047,-0.000859393511410612,-0.000678205641226248,-0.000747931877905704,0.000623746463513298
"Macropus_parryi",0.021066981008671,0.0310411066287375,-0.024389984206852,0.00783408201646879,0.0276179764256432,0.0325050461782843,0.0260994889380012,0.00257061271102281,-0.00309591008959932,-0.0200143628633508,-0.00614744388026282,-0.00121444891320693,-0.00408748862870599,0.01309751105657,0.00121449770842453,0.00275777578192871,0.00208354718504488,-0.00490164754962584,0.00510220227684832,-0.00281070648401282,0.0032271031267297,0.00295285797950362,0.00246517057798032,0.000782153894602518,0.00595302166855685,-0.00242276005198637,0.00137905964805075,-0.000844951535487615,-0.0002178589449004,0.00025194458037448,-0.00064240580280096,5.9739699627633e-06,8.4691097662351e-05,0.000208858912721471,-0.000567195164146314,-0.000115930160805653,-0.000814106305339737,0.000182273201351945,-1.49268185434148e-05
"Macropus_robustus",0.0621000199711619,-0.00962041465029057,0.0130970588367832,-0.00200786138538198,-0.0154845215988589,-0.0179304844717308,-0.00307496502113495,-0.00424275795391129,0.0124260629112952,-0.00169384597602175,0.00156311132509177,0.00930358094799537,-0.0055889921881064,0.0105846911322785,0.000815767547157159,-0.00542788369289377,0.00967102076104394,-0.00488519123031601,0.00725468632239892,0.0029964887303892,0.000131208661612905,-0.00370339415726427,0.0060406614790428,0.00233082661370307,0.00187199975354466,0.00277890498495365,0.004525997700502,-0.00160505895801162,0.000696745605819939,-0.00290261672486078,0.000783730445071971,-0.000245670048425669,-0.000699928766787116,0.000565239301511469,0.000593027012597665,-0.000241935199464133,0.00079837104779996,0.000264380159848555,0.000249538458351958
"Macropus_rufogriseus",0.0416796196910884,0.0192696445554041,-0.0148294735521659,0.0065891210595972,-0.00498528146554231,0.00924793278627498,-0.00460012601935498,-0.00442155770377672,-0.00344660580680605,0.00277079482213738,-0.00371566974134315,0.00101987241244521,0.00414229420939125,0.00438075207387926,-0.000260935387140969,0.000502305828482463,0.00512894488707488,-0.00701498589914942,0.00288767569329967,-0.00162021557765009,-0.00400160866499306,0.0063159726081977,-1.24524907344344e-05,0.00220240022220556,-0.00354607400425325,0.00225425913697893,0.000902796504408671,0.00133111029494792,-0.000804203758698043,0.00539798062159171,0.00257913760235605,-0.00145681174394663,-6.05529422686653e-05,-0.000586362220965467,0.000794926933467108,-0.000479027836174504,-3.37620868749074e-05,0.000218762201563282,-4.81785600678065e-06
"Macropus_rufus",0.0624870373085034,0.0146317633913015,0.00797095032510742,-0.0182893030722467,-0.0228785474430654,-0.00199551514369464,-0.000462632742218852,0.00730319948654915,0.0255889606990546,0.0156746491890383,0.0126870488067449,0.00521581722905649,0.00735798750183455,0.000413873576894962,-0.00602598988548546,-0.00849129416271958,-0.00465739151621461,-0.00511657075267218,-0.00521334430176059,-0.00237979971743773,-0.00163535287646957,0.00232915731008885,-0.00541073604493812,-0.00318292744100429,0.00523595422488913,-0.0013832504783998,-0.000808282499551906,-0.00467730342621663,-0.000735005588701789,0.000915967704533925,-0.000869504566641277,-0.000420289406824623,-9.52653259497882e-05,-0.000490114155462783,-0.000333425397376122,0.000697816176200328,-0.00030839003924064,0.000346947224030973,0.000128475667933904
"Onychogalea_fraenata",0.00364746114505401,0.0355098957949796,-0.000965167340373654,0.00893347425443349,-0.00708660423473313,0.0342597375597951,-0.000712404832459361,-0.00793205586759111,-0.00706720848147792,0.00897207471123839,0.0125686944734382,5.89521638701558e-05,0.00499854901732626,0.00486873402021377,0.0104175920262544,-0.00820800858064168,0.00165552532288444,0.0103465602764479,-8.23571032568784e-05,-0.00963986519022262,0.000993583672306255,0.000441274703520912,-0.00401398243009964,0.0029620749952927,-0.000732846930013952,0.000543041884891766,-0.000392513532627785,0.00180437073170551,0.00033572984943953,-0.00108598206910559,0.00146371230001757,0.00131368990790067,-0.000552377087163594,0.0008482533628252,-4.02560111705375e-06,0.00142653349041127,0.000483459287123568,-0.000163058380165386,0.000285439726315568
"Onychogalea_unguifera",0.0421334437082888,-0.00480104463445993,0.000523376942431853,-0.00565276749247141,-0.0250290513650402,0.0273307112467763,0.0241559530586473,-0.00568547094889355,0.0209792098319283,0.0009869336549572,0.0178737033691116,0.00885288240210936,-0.00812435304532242,-0.00148171933916616,0.00479444776589674,0.0131252979520157,-0.00385514388699239,0.00616843557691158,-0.00732293695204663,0.00395651198413441,0.00255348646141269,0.00247461685329781,0.00326870455949886,-0.00350842701638163,-0.00364185791041946,6.5293045235228e-05,-0.000158002559761424,0.00182113572980059,0.000475842185025397,-0.000174613295002914,-0.000533147842174987,-0.00105217460235093,-0.000218643812259536,0.000273063295616692,0.000342624410572727,-0.00100417576504531,0.00028528495311119,5.5011522172604e-05,-0.000184670042139013
"Petrogale_assimilis",-0.000141092465199581,-0.0109949514339874,-0.00323442047578754,0.0205781562935703,0.00986412730368154,-0.00441573205625853,0.0206952460459237,0.00720276508042622,-0.0101804647799958,-0.000150170362721513,0.000263549196146053,-0.00482461814218618,-0.00303225583144424,-0.0121522400060754,0.00264719820195713,-0.000818846547653358,-0.00178374616069533,0.00377097121688589,-0.00210657447248439,-0.0043764249244634,-0.00132977442874363,0.00733817594520312,0.00250575728164387,0.00234641458405241,0.00294155866161324,0.00164338045561288,-0.00168948140677697,-0.00215642412488026,-0.000166712308865192,-0.00193681167628785,0.000355260122158452,0.000598369397078238,0.000742763904013145,-0.00260971960039352,0.000552418379228167,-0.00101312843878332,0.000463710435447016,-1.96704533448933e-05,0.000528033019261744
"Petrogale_brachyotis",-0.00352902264391845,-0.00658552811189468,-0.0146941698062157,0.0148436399518923,-0.00167352007302409,-0.0152391291658709,-0.0131885828518603,0.0125451093207364,0.000262408077978232,0.00845151852316987,-0.00795153464864517,-0.0133485318910266,0.00117963940612088,0.00777734678124975,-0.00712142981638724,0.0138523331627484,-0.00740821565941557,0.0016950954648931,-0.00385637692085123,-0.0087540588671199,0.000663375768994944,0.00577041902913362,-0.00224995942840506,0.00276353639240388,0.00143124697496153,0.00028981938761703,0.00166179291214238,0.00100006294486271,0.00232956483790092,-0.000981272884090626,-0.00185420689017707,-0.000983332430659942,0.000642146291755715,0.00206840862880717,0.00040911411382083,-0.000300810388952777,0.000215052114491426,0.0002774318239768,0.000206095325166301
"Petrogale_burbigei",-0.0139632112252566,-0.0270897731970159,0.0229817372816802,0.0207903650125518,0.0233016406425169,-0.0174973421981821,0.0213371632201943,-0.00116031546018479,0.00250744739924979,-0.00947723631738991,0.0115798920950602,-0.000299748396407053,-0.0080408800630709,0.00144126082410105,-0.00597708305882548,-0.0113505433716744,0.00640544798207481,-0.00407686658676513,0.00232152575967174,-0.00191939777293943,-0.00505644856086116,0.00576660253897252,-0.00034119783758601,-0.00379857004896593,-0.00541080916691567,-0.00447343295410902,-0.00233657865512318,0.000811047778660706,0.00280118981150414,0.000555004978388549,-0.000839691389729788,0.00058088966510485,0.000788440402029641,0.00095649586916502,-4.96781509649678e-05,0.000646270280931845,0.000150450561833618,0.000250690632594222,3.83873908902681e-05
"Petrogale_herberti",0.00994233998504269,-0.0471421824399301,-0.00650675869888116,0.00255945164772516,-0.0174918901365842,0.00221835395193268,0.0081929555447685,0.000265364775858352,-0.0196636545317853,0.0018343746079006,0.00492750374074704,-0.00412276464829592,0.0192534681453332,-0.00448882950463,0.00136396419385362,0.00279601651847872,-0.00393475168013408,-0.00525929328555786,0.00183533097136593,0.00139525881247213,-0.00502493295982597,-0.00247832819505094,0.0023547277440758,0.00370928698185761,0.000948244051623451,-0.00112949069378361,-0.00234364367275798,0.000632942790264424,0.00356889055400332,0.000143734287571866,0.000275513574030078,-0.000964477405967963,-0.00234223498466486,-0.000542860680174893,-6.04770923325261e-05,0.00048243252177527,-0.000114757902233196,0.000385052700396038,-0.000151219117192859
"Petrogale_inornata",0.0295190696165799,-0.0529749488517064,-0.00659278501214366,-0.0183839858933432,0.0125499337295204,0.0129035167854203,-0.0253765046299909,-0.00251686986019377,-0.00848466944992557,-0.00922874877942609,0.00908977721891025,0.00833618660669233,0.00736019005408555,-0.00844397423723805,-0.00488017086699145,0.00838734286618805,0.0123006120876309,-0.00155623596657712,0.00152709098673563,-0.00946678059088556,0.00819872095803818,0.00268165628186947,-0.00134088923292141,-0.00240739009675213,-0.00223110095541023,0.0032647608513779,-0.000196065315968674,-0.00221951799681408,-0.000785389133784634,0.000189556673206009,-0.000785042101167369,0.00118806531561165,0.000108820437095682,6.22536592210571e-05,-0.000572902187268746,-0.000332936306949422,-4.75124441513991e-05,0.000175709155108476,-7.9231224587392e-05
"Petrogale_l_lateralis",0.0374551771651042,-0.0426307184113513,-0.00338598522746698,0.0177417735668789,-0.00490815945045723,-0.00968021510972619,0.00389826126976905,-0.0191983093665983,-0.00506962662918158,-0.00228798377882378,-0.0213955434555546,-0.00212571465583458,0.00162309494309249,-0.00441634309123271,0.00213325572574594,-0.00247334242977078,-0.00541993764011285,0.00922460634684535,-0.00115885826518577,0.00145018527095564,0.00401062803909544,0.00573753124044053,0.00158892059639972,-0.00723462417865594,0.00138938992157471,-0.0011551308620018,0.00474924282955077,0.000282582216251787,-0.000638589914854611,-0.000111707695470829,0.00149895276359747,-0.000229980104287638,-0.000922304231103868,-1.76343076878559e-05,-0.00087615167888744,0.00110409086800168,-9.96101779111874e-05,1.82116276926052e-05,-6.99747429151635e-05
"Petrogale_penicillata",0.00841149089029364,-0.0402934625170216,0.000378135987900529,-0.00218956758981072,0.00274080030588838,-0.00884482309770485,0.00679016063731643,0.00108180873452388,0.00170454504814303,0.00508273273540822,0.0110294792899525,-0.00175754580779475,0.00687309489410144,0.00425830249943002,0.00391126547857107,-0.00652753302989786,0.001595208220049,0.00550936933387966,-0.00383396570485292,0.00308849836909468,-0.00676201085871607,-0.00155202740731217,0.00306862870268466,0.00322856570048374,0.00459446496303402,0.00521767080635763,0.00161001269160083,0.00268473377980997,-0.000289431164137181,0.00242067289358223,-0.00124881928323489,0.00110338409501001,0.00155741008829997,0.000522366477798831,-0.00176884494019737,-0.000556689637174065,-0.000157270935104822,-0.000354276837777232,-0.000213993007556305
"Petrogale_persephone",0.0276697483705825,-0.0402979283723242,0.00134210588743563,-0.00961143117814026,-0.000224425489813022,0.00503638523025928,0.00456015225540472,0.00535678615405773,-0.0132759249561572,-0.000407467226845986,0.00218565968835867,-0.0144711022306833,-0.00169439273879857,0.0107587402740797,-0.0011916490855632,-0.0101177938175719,-0.00348994868144311,-0.00033103943799526,-0.00405828163258938,0.00186424743046752,0.00613332235566459,-0.00700578451195946,-0.005281930343079,0.00146699817732104,-0.00251277316528989,-0.00276949875589656,-0.00156356868174877,0.000249458700093856,-0.00271175933605555,-0.0022972449275076,0.00186050016928875,-0.000270499281950088,0.00011040193137549,0.000241922478881088,-0.000336314517120909,-0.00145078675740254,-0.000165665735757213,0.000534596787477712,-0.000137277872898084
"Petrogale_purpureicollis",0.00130409016996275,-0.0264999651284743,0.00816812214821098,0.0239333115529333,0.0288284186470598,-0.00685906891020934,-0.0200246464133787,-0.022276445908471,0.0126168697722999,0.00533193449867234,-0.00216603109903386,0.0128121045174124,0.00552137883705661,0.00941091599689698,0.00854414190109987,0.00663019689257837,0.00435797755837879,8.93361427979075e-05,-0.00276369871027715,0.00402519329539153,0.00349962920515819,-0.000887432146911586,-0.00159220145859214,0.00310653968793297,0.00210755091610869,-0.00688918447270232,-0.00288031092637764,0.00136415650737959,-0.000800176616834571,0.000322341590122727,-0.000792375285507611,-0.00129777101614026,0.000642107156537919,-0.00113914198227488,-0.000105184061638013,0.000216856181429813,0.000277016879405028,-0.000306207067833772,0.000210927266323485
"Petrogale_rothschildi",0.000779393471940678,-0.0297549887377819,0.000501909253004778,0.0171163672711669,0.0202329534106113,-0.00702038365858343,0.0172216822784446,0.0105082424494883,0.0112736620422867,0.0169463923515938,0.0022876324050797,-0.00640848345598617,-0.00271098392112123,9.69363269109426e-05,-0.00187291607474472,0.0117659778696404,0.00217611313885842,0.00732304403291755,0.00738363245122725,0.00210895124374618,-0.00208830950316242,-0.00534290078696505,-0.00316245828808719,0.00114873947067827,-0.00165752024025954,0.00265054376696595,0.000438098864157482,-0.0023419723847641,-0.00157661480648834,0.000134998587819531,0.00215066916688451,-0.000225319944449306,0.00129735657031756,-7.5685554496753e-05,0.00114970599645792,0.00129337855180201,-0.000520076873589416,5.5657445444754e-05,-0.000164578802770759
"Petrogale_xanthorpus_celeris",0.0108601212878337,-0.016252348989726,-0.00399188057793923,-0.00478122698194114,0.0255320583847834,0.0143051586315275,0.00181729324369711,-0.00551681708730353,0.0201248194235336,0.0136655544238514,-0.0168175750321475,0.00829980961125505,0.000578777764745679,-0.00359487751459024,0.00856518162814061,-0.000560738813206305,-0.00893528731536999,-0.0131245953917276,0.00510558087376475,7.27760430849649e-05,-0.00116798170110551,0.000514328593741283,-0.00252243416551194,-0.000899177194823353,-0.000841112339618876,0.00357820160612135,-0.00259453696023795,0.000418563152510082,0.00190212719388996,-0.00220848312050191,0.000511393941240086,0.00154094607487855,-0.000387754740128207,0.000681974539719481,1.54198598417856e-05,-0.000532409699251181,-0.000208584784847406,-0.00050202363508992,-0.000170832382640099
"Potorous_gilbertii",-0.0743747267022644,-0.0200673499449309,-0.0259261382889279,-0.00941082554025706,-0.0169916820553277,0.0121573724121197,-0.00497431682909412,-0.0134517584231553,-0.00177374164394721,0.0128764332436528,0.00332468327057979,0.00231607789230819,-0.00524111266220964,0.00251002978990188,-0.0134297844518215,-0.00325427815750389,-0.0013140536569562,0.00309997203146202,0.0020085272778477,0.00103757636432319,-0.0020425037798747,0.00503996244827629,0.00534553853752055,0.00475489309726269,-0.000479992152342645,-0.00500597090881691,0.00109794132605434,-0.00290265152969114,-0.00163769001726021,-0.000197166248684051,-0.000920885478187406,0.00142810056972293,-0.000774421377705359,0.000225254975578087,0.000983330920381094,-0.000142349125018516,-0.000135084275482884,-0.000504409246745295,-0.000421888948276041
"Potorous_tridactylus",-0.0776133451357908,-0.0241904956711418,-0.029745917657715,-0.0184413631248982,-0.00174862333636302,0.0239624675977395,-0.00956611288902825,-0.0043131435424032,0.0137690307925337,0.00257046145762043,-0.0070769113459541,-0.00844127785059574,-0.0226514095510708,-0.0121810432283577,-0.00263660121810063,-0.00194111277697013,0.00448767689241754,0.000100140907934981,0.00122824637481233,-0.00236899070126135,-0.0038709196243551,-0.00841967287977116,-0.00160009126443077,-0.00128518675211503,0.0042752849527503,-0.00104652667839812,-2.48084778126327e-05,0.00145689140118973,0.00123669782208136,0.00166406291022283,0.000427603096546682,-0.00079684045321994,-0.000112252117836881,-0.000130399505463234,-0.000492539575807393,1.72208235268523e-05,0.000438141068035763,0.000438643621972941,0.000204574128381382
"Setonix_brachyurus",-0.0125575816898548,0.0361947893361495,0.0265063002713876,-0.0177441794345875,0.00670569506262823,-0.0227738753917451,0.00157388207116213,-0.0189591475138988,-0.00959814788247758,0.0172291263232197,-0.00222423959944611,0.0117845037148009,-0.00485066789222036,-0.00459704236092467,-0.00265639540072696,-0.00178421978113793,-0.000538491592632914,0.00637570520618547,0.0061630311518105,0.00177655992663593,0.00432980995673289,0.00314038888399804,-0.00111289123201234,0.000208839015959756,0.00286360634788245,0.00148950282396578,-0.00205035926140078,0.00387953517787158,-0.00072172471757948,0.000447208210962723,-0.000903571165365514,0.000931508525520401,-0.000536810175714917,0.000151573489829383,0.000661139352698526,-0.000666666456031895,-0.000500778187507571,0.000942707030039889,-4.30855124578685e-05
"Thylogale_billardierii",-0.00708882832338497,0.0117131928470132,0.00505773298953496,-0.0374045219683155,0.0300188577530924,0.0227591645324418,0.00217406344371075,0.0035670190029262,-0.015501750924759,0.0052811907274842,-0.00439366375766065,0.00508643979954502,0.00908633098131473,0.00255234614128374,-0.00635952905614835,-0.00435445755894836,-0.00198406041181705,0.00715382011120221,0.0036237859941623,0.00632494514861268,0.000881352794951505,-0.00501300231192496,0.00340769070921036,-0.00189681175482927,-0.00296591676633659,0.00261997358981769,-5.25736175697881e-05,-0.00129929729611721,0.00122105609080299,-0.000728763634019072,-0.0030316958399219,-0.00207518892902449,0.000530617418958445,-0.000323713985262133,0.00011689874774316,0.000573416181753836,2.63992500691715e-05,-2.63497465754125e-05,0.000282294889184542
"Thylogale_stigmatica",0.0109484964148444,0.010102075405508,0.0072731072676343,-0.0174350771849224,0.0374327776191629,-0.0127338457341191,-0.00627887453378125,0.00363628107592696,0.00819302800729782,-0.0101569007048669,0.00102599063107217,-0.00137797733687091,-0.00693023018252719,-0.00957201996664053,0.0119276949337882,-0.00734192282950822,-0.00616158673758554,0.00509955179875153,-0.00228494330280082,0.00101070989427805,-0.000170959172275088,0.00180968942156132,-0.00416401602872872,0.00591720544079433,-0.00419091504962647,-0.000809405892386732,0.004162862082753,-0.00313737246003942,0.000456234731954813,0.00196079385885308,-0.000840438191612607,-0.000647199964056261,-0.00140159889149784,0.000376130030178115,-0.000107654008564249,-0.000572241164785036,-8.72373599953922e-05,-7.58237893994597e-05,1.33104564977292e-05
"Thylogale_thetis",-0.00153799177671644,-0.0052740930417359,-0.0117933922917411,-0.042700071747527,0.0210610513823329,-0.00662488098174961,-0.0150389831464959,0.0260903600995195,-0.0125046109331466,-0.009480300162389,0.00579854104859675,0.0205008888603424,-0.00806108482001654,-0.000537858710780045,-0.000804502445029667,-0.000803189389356169,-0.0044954621417718,-0.00220336701001156,-0.00913901500481164,0.000667377715885975,-0.00288760053980345,0.00353195019774194,0.00318639599171879,-0.000114172984982715,0.0025051869394617,-0.000660418236668774,-0.000108492085649502,0.00251588661497296,-0.000122271987494619,-0.00141917312590832,0.00297550119295205,-0.000409998069666069,0.000636042530334839,0.000170533272469818,0.000748061351921766,0.000938564081171856,-0.000162257729978348,-7.53414763108448e-05,-0.000137265580811295
"Wallabia_bicolor",0.0346392590670455,0.00887098712557993,-0.0104037422758802,-0.0118023004342603,-0.0103081161719431,-0.00110808406540042,-0.00575066342289871,0.00539418842601533,0.00404546469541851,0.00711431123073851,-0.00363282918050048,-0.0102024264473357,-0.00703683333770264,0.00123876520294061,-0.00806313833561168,0.00188434577866241,-0.00832768681080791,-0.00731844843376896,0.00160977681974848,0.00598960665620182,0.00559379104505895,0.00238176504711028,0.00506745210083629,0.0025574744631836,-0.00523267980982663,0.000328716733235656,-0.00116799777715551,0.00162295846860024,-0.0015889852244069,0.00110952670037544,9.93233793301287e-05,0.00135235585073377,0.000377968491677077,-0.00050914988734833,-0.00155279041089357,0.000903473517264143,0.000200469196271094,-1.22356991279983e-05,0.000577524920804796
