"","PC1","PC2","PC3","PC4","PC5","PC6","PC7","PC8","PC9","PC10","PC11","PC12","PC13","PC14","PC15","PC16","PC17","PC18","PC19","PC20","PC21","PC22","PC23","PC24","PC25","PC26","PC27","PC28","PC29","PC30","PC31","PC32","PC33","PC34","PC35","PC36","PC37","PC38","PC39","PC40","PC41","PC42"
"Aepyprymnus_rufescens",-0.115451163643717,-0.000110479942466148,0.0208803591955322,-0.0421907019927912,0.0211929291131616,-0.00460483773366847,0.0153940557041294,-0.00399213502469019,0.00743361076742165,-0.00234106141525137,0.0104116177738461,-0.00109566739605016,0.00217631823627845,-0.00702567914083302,0.0151767045639581,-0.00594759890225586,0.00241634806855932,-0.00266419431343059,-0.0024830564583212,0.00101428989804809,0.00445386094607624,0.00242093165804673,0.00265390234236832,-0.00310064375257634,-0.00637636225533626,0.00127249530219814,0.00439656165616896,0.000119449137842513,0.00377401339353049,0.00205685396802534,-0.000821019025320033,-0.00407879521588272,-0.000493578486425727,-0.000757844823655872,0.000479624915450396,0.00182478968190052,0.000334804821692006,0.000206602831969499,0.00035311462328081,0.000735611880851867,2.08697622609031e-05,0.000706413022727098
"Balbaroo_fangaroo",-0.0102200242250242,0.0298790828360714,-0.0357633545286788,-0.0242205346032503,0.0682869327751212,-0.0707463689598178,-0.0336825307500761,-0.00525595966959696,-0.00437284109690884,-0.0070905674950341,-0.00852591117192679,-0.00246956944039724,-0.0195919803850119,0.00915570859309608,-0.00436595193099521,0.00670086033606128,-0.00894464864886954,-0.00512568550893667,-0.00057891029102851,0.000321040982343815,-0.00144758470426384,-0.00718557312262295,0.00148315822341336,-0.00177012843360174,-0.00123674058065534,0.00170437092352389,-0.00059587574660792,-1.14734130113808e-05,0.0014731125181692,0.000301252834007026,-0.00172596631656186,0.00116551288393755,0.000444132033444647,-0.000122858005276749,0.00106604793571969,0.000192048917861194,1.14187322453397e-05,-3.35943540588201e-06,-8.47524978348318e-05,3.85031580669126e-05,-7.73983163133903e-05,-6.588127211556e-05
"Balbaroo_nalima",0.00268612795853888,-0.0241506378889293,-0.0204107512815236,0.0382603013315175,0.00260725859077877,-0.00580055558177647,0.0244539052006486,0.00836419796086676,0.00873054474885903,0.00382355056525042,0.00952041407012574,-0.00619166715656665,0.0138557471939545,0.00696682934935159,0.0113009842522365,-0.00211634942208773,-0.00453817211811608,0.00361452052330895,0.00722265403932584,0.00221420452727412,-0.00171933532597444,-0.00260016380330071,0.00426667385388499,-0.00440491118466272,-0.00832339327415712,0.0032863842180394,0.00120534042332475,-0.00311512058796382,-0.00363696412430616,-0.00391311621166043,-0.00332744378654818,0.00565676083731681,-0.00263806871401453,-6.89888598452116e-05,0.000356130841315214,0.00136840813190405,5.73262767655486e-05,0.00038421663677597,-0.000282438927483263,0.000163823494597153,0.000144697198610013,-7.41743558198113e-05
"Bettongia_gaimardi",-0.0513310942993842,-0.0605166410593605,-0.0187136012412882,-0.00279684044318885,0.0527824165309442,0.0132416269532535,-0.00160354947036028,0.012858995674777,-0.00357380934526492,0.032965832463094,-0.000373178655559477,0.0129390217045052,0.00772856903039764,-0.00253347534981418,0.00123050713737798,-0.00995889237116958,-0.00480145278246482,-0.00419333877619448,-0.00498940898231183,-0.00383108714814643,-0.00395816937575053,0.0026280021291179,-0.00435183183194903,0.00290223817821328,-0.000806127274671354,-0.0036214092519906,0.00591194038498477,0.000172017715792563,6.2592695911412e-05,-0.00270940634324884,-0.00172711337828577,-0.00200882943331146,0.000616162396548234,0.00124927599618457,-0.000184285022772062,-0.00049564372449944,0.000352206646074109,-0.000508273383862728,0.000741177442188033,-0.00033497631745173,0.000121182810646538,-0.000678923364665122
"Bettongia_l_lesuer",-0.139043351488151,0.0591341786922507,0.0769830778164277,-0.0142999007360402,0.0061881457739609,0.0125316066479157,0.00849152320666725,-0.0127782047149098,0.00570893933055226,0.0064689312547735,-0.00632250167822949,0.0185722344221396,-0.00168097497988923,0.00848510510437381,-1.35689196438431e-05,0.0103508469494519,0.00841649041221971,0.000812631342619822,0.00437737691545178,0.00245764188287675,-0.00921788037917726,0.000910964280611088,0.00119140024826742,0.000597100304509425,0.000873255511885254,-0.000609790095642418,-0.00280492264678905,-0.00192915954955557,0.0013419044326538,-0.0032472482060196,0.000849866144389687,0.00110461040746225,-0.000375593718348551,0.00140051716204468,0.000783728334328953,-0.000182711970812283,-0.000294919301330623,0.000529293813829204,-0.000920949187530281,-0.000667332976030302,-0.000177546056317615,8.7586296471046e-05
"Bettongia_p_ogilbyi",-0.0990018714261397,-0.0549428318809246,0.0377947099332802,0.0282408303794614,0.00129141264114177,0.0108198937511649,-0.00462756644446068,0.02120303707424,0.00334591842621733,0.00131468888652148,-0.00173567168611441,0.00599803915054587,0.0035558530652268,0.00768111518517638,-0.0144193862956375,0.00682864742949824,-0.0118057550509247,0.00413750806274051,0.000822669619548285,0.000973387777947194,-0.00248622330058974,-0.000207052328763253,0.00343233179584242,-0.00105569696638761,0.00333248007515937,0.00473027357013425,-0.000290388837072196,0.00196126944798971,0.000634020713363914,0.00605927417245004,7.9890107900387e-05,0.00133701105773714,8.04058782045547e-05,-0.00172752940874437,-0.000679634852256755,-0.00019934177672865,-0.000304650300746968,0.000398226719512403,0.000744306959053097,0.000596326682749145,-0.000312673997512949,-0.000584552870020079
"Dendrolagus_goodellowi",-0.00317471268288184,0.0223191744491072,-0.0403803199410857,0.0200164320861506,-0.0043484013348965,0.00857011270988462,0.0141222525117147,-0.0168227860898382,-0.0233026619227754,-0.0164162657202372,0.010973282729991,0.013351088492769,0.00730937855878274,-0.0127108629469841,0.00821940074440747,0.00042217993350253,-0.00907769725182411,-6.07801054167521e-05,0.00810824836388866,-0.00654895685367532,-0.00421866875329886,-0.00344053545482308,0.00106576216840852,-0.00623221530103499,0.00544198707209367,-0.00538238488049171,0.00343782470254596,2.15033845060647e-05,0.00262019980657489,0.00113265982284304,0.00133374396582468,0.00200925832932723,0.00127141591584759,0.000329809121524508,0.00122918018509371,-0.0015210351328831,0.000111410349303648,0.00122572592662524,0.000869378433291171,-0.000210210338550003,-0.00040567401441095,0.00032785774869535
"Dendrolagus_lumholtzi",0.00875126752943785,0.0403843263498376,-0.0271385413116429,0.0435652636706695,0.0243916352161214,0.0143253021583285,0.00445601414789097,-0.00201519476029428,0.0125651924925081,-0.00328038190033819,0.00126141799809914,-0.000423128200655121,0.00179887414871351,-0.00976238892700653,-0.0109648749370135,-0.00261185410840506,0.00757162568140475,0.00194346929676645,-0.000898116728781069,0.00705594203765154,0.00151209814034899,0.00168875266596129,-0.00360178336584694,0.00417015635945421,0.00344397763080238,-0.00149945147417612,0.00430576129128295,0.00166964457358646,0.00033445347538052,0.00358011461465983,-0.00279799152627056,-0.000116407628269685,-0.00163270058918127,-0.00316749621908734,0.00299928246670323,0.000924999810028483,-0.00225808251697422,0.000140569786485842,-0.000515543433325109,4.22927042966588e-05,-7.51848551776833e-05,0.000115593861631488
"Dendrolagus_matschiei",0.0243551303710565,0.0302874467945932,-0.0120291683698237,-0.00541125437614497,0.0357199400017977,0.0252218218735197,0.0233763703312945,-0.0151898149022884,-0.0221499291658436,-0.00627389333238619,0.00943476866341661,-0.00637524880817967,-0.00958717849808043,0.00533495830960051,-0.00206318344943119,0.000300010418163366,-0.000164834874196553,-0.00285214391158117,-0.00398579036703805,-0.000729011089947614,0.000149662307017454,0.0056385662062127,0.00213008707770945,-0.00516562909689857,0.00509780826740101,-0.00365568354448248,-0.00334202088171306,0.00256249077625995,0.00061465411894972,-0.000173427692659359,0.00171537082672791,0.00146252434256594,-0.0025265305874227,0.00143017509909122,-0.00149329992907193,0.00257095466972767,0.000428174941459138,-0.000496009147025514,0.000769088605513762,0.000476611559408687,0.000716739976951538,-0.000351745659013822
"Ganguroo_robustiter",-0.0262339899557661,0.0137619019334957,-0.0203473629526891,0.033473316684419,0.00641459687924668,0.00909896329987308,-0.00993067702126397,0.0141684816582549,-0.00685505290273991,0.0152966834090207,0.00352233502002918,-0.0213068566189855,-0.0102936029750769,-0.000321281453275178,-0.0149060008470399,0.00551678784910617,0.0187458805155986,0.00694210756372553,0.00611624112416259,-0.0107428757554035,0.00403454962926077,0.00324385217433218,0.00354959871367507,-0.00231011695953772,0.00140467455366334,0.00139525313704564,0.0018389540086001,-0.00301035437928878,0.0030755271229531,-0.00251874018132364,-0.00106287057291004,-0.000306284411653595,0.00196722550146715,0.000180925237887539,0.000487749296635454,0.000240332863089703,0.00222330201374966,0.000296193412314085,7.83796654990425e-07,0.000144284894004695,-0.000245170388941177,-4.11110367006474e-05
"Gumardee_springae",-0.00692375036405473,0.0120929730188941,-0.0221716570554984,0.0311845245747257,0.0210369826304079,-0.00848564162740429,0.0262362934427412,-0.00810280042726065,-0.0067661549401229,0.00521235330060623,0.00739633799447311,0.0233207057094198,0.0045577090941615,-0.00643539840212564,-0.000637629428091112,0.00364539346339379,0.00211702346734896,-0.00310450723867955,0.0027615918120415,0.00274012450385758,0.0152845766158365,-0.00381135436559792,-0.00613732842388706,0.00475916457189709,-0.00249525947199876,-8.51166216330932e-06,-0.00896005551578999,-0.00116607810952435,5.8492327942791e-05,-0.000747656041699443,-0.00116773743492176,-0.000998693600768058,0.00114100460566237,0.00082480403898712,-0.000441354573988197,-0.000618168234057223,0.000506078262603578,0.000267558943817039,-0.000586756995301346,0.000195624129085812,-0.00021487049634547,-0.000334459794800385
"Hypsiprymnodon_moschatus",-0.0508350822552961,-0.0490174035153553,0.0514962932098337,0.0460695845324297,0.00172909373022311,0.00357888012130188,-0.0476799862361672,0.0160668993316296,-0.0140790734061861,-0.0373544579129292,0.00240385615004327,-0.00256778634210041,0.00273097116662862,-0.0113561827589478,0.00862485134263541,-0.000149614334600792,-0.00201366506081283,-0.00884456197845598,0.00264559792591077,-0.00599102970676505,0.00211978813020924,0.000718205730767891,-0.00324128254271637,0.0033936213890393,0.00244265261033249,-6.58563109379581e-05,-0.000904833821397529,0.00125336318599657,-0.000445417768483021,-0.00211259566239232,-0.000770974063364062,0.00052193549758416,0.000458946705837029,0.000305085589262326,-0.00043244984609796,0.00147817814112555,0.000150101675770399,-0.000788925280438614,-0.00113161244733213,-0.000131475204222089,0.000433157665392616,0.000205114701459823
"Lagorchestes_c_conspicillatus",-0.0221397520987898,0.0866221855802119,-0.0185742394848701,-0.0028179554946612,-0.00356696109196234,-0.000145399410437404,0.0212936154232554,0.0212957668389122,0.00735972592245885,-0.01375042936889,-0.0302363839648927,0.00404871281319468,0.0109532834091884,0.00391800825305454,-0.00524832372671486,0.00292105729706449,-0.00365076254238493,0.00858817471040135,-0.00119568607546731,-0.00755023112062672,0.00178298751459564,-0.00233450778681175,-0.00393220363124336,0.00276961951987543,-0.00437350107917269,-0.00327148834637421,0.00278073116925474,0.00526119028743223,-0.000584033745754043,-0.00216321919558387,0.00115978908027609,0.000848578040702829,0.000842299750249837,-0.00138794421681228,-0.00213348044009566,0.00114004018337644,0.000258830621453547,-0.00105677238888009,0.000410408017969508,-0.000224911390365932,-7.40933267973281e-05,0.000204966830032779
"Lagorchestes_h_hirsutus",-0.0133746995665562,0.0411351559357913,0.019196997901586,0.0165837301550827,-0.00367873950270956,0.00641516453277607,0.00330905128126013,0.0422758738370016,0.0175119951069931,0.023034552190238,-0.00282208423685978,-0.0181823236964368,-0.0105014462384236,-0.00612071001539664,0.00618347176597443,-0.00266691951571424,-0.0110829883523436,-0.00641171062756123,0.000356750828957775,-0.00278076425127458,0.00291215195543506,-0.0030035647580295,0.00283937284141134,-0.000836755224731214,0.00220024329049902,-0.00552335354569307,-0.00669411103035091,-0.00157747249862755,-0.00175576708155229,-0.00113718603112868,0.00234963577921815,-0.00153478464302394,-0.00162526843020602,0.000589806319630062,0.00142352704298007,-0.000740553054965666,-0.00180620399363252,0.000251972000055356,0.000714707272356997,-0.000225583959509032,0.000156920166124797,0.000275027672721662
"Lagostrophus_fasciatus",-0.0283551595854781,0.0623140926468913,0.0233127640386799,-0.00894607514332395,-0.0225923082421969,-0.0242151382190837,-0.00444603814205237,0.00297756052261926,-0.0372997855356783,0.0195696740328537,0.0236863779209093,-0.0145868526475782,0.0169995980872307,0.00887719878066096,-0.00580405229447175,0.00142658680674642,-0.00207710664751376,-0.00386809213349747,-0.00629117342000407,-0.000283464905628842,0.00398684211196683,0.00296836946445349,-0.00331961371469457,0.000783520689924787,-0.00278728949127855,0.00160418329768394,0.00234625564080942,0.00218749498716602,-0.000496331637247941,0.00389768918844884,0.000979075907496841,0.00124910181916067,-0.000989484926393338,0.000126009611126726,-0.000791597589108198,-0.00116670135271558,-0.000658774769850656,0.000556330746777291,-0.00093978081458601,-0.000559788145034169,0.000331113976859402,1.62456715478858e-05
"Macropus_agilis",0.0414479547896915,-0.0119021471805066,0.0103191396539038,-0.017238098727024,0.0291570425593578,0.00526950105629371,-0.00140547231927333,-0.00234149766383397,0.0051028119873346,-0.0021821963713041,-0.000575258956100242,-0.00649696817805856,0.00729643431936599,-0.00189288531420656,-0.00612019890676456,0.00583613828550876,0.00800808079380043,-0.006483040675572,0.00549416169324233,0.00385776561563029,0.000444790588677832,-0.00616809194711317,-0.00547215377080347,-0.00483837174732209,0.00265990385998749,-0.000526140707438333,0.00837885984431803,-0.00479587993472976,-0.00386691127004474,-0.000295950302190123,0.00377080121518594,-0.000227423060116148,-0.000831821208194835,0.00115833827319332,-0.000928781155691951,-0.000170955083177179,-0.00138677942343522,-0.00125296308833338,-0.000556204612256559,-0.000575644764507738,-0.000232105737231769,-6.65338280894938e-05
"Macropus_dorsalis",0.0575545416775177,-0.0170306538751063,0.0291875004633674,0.0288742758639528,0.00206173575549,-0.0208051234290706,-0.00783790250125964,0.00382429288591295,0.0193379175984114,0.0122320841400742,-0.0114968944795587,0.0103769694474996,-0.00243099638428228,-0.00271918689250513,-0.00209129080779793,-0.00726785444634266,0.00622442411533494,-0.00309170683766271,-0.00145629361111605,0.00462175073023369,0.00533182114079431,0.00285467264532345,5.8640799632849e-05,-0.00665017736945124,0.00262541932970986,0.00342536791856892,0.00124943755245853,0.00411325587057405,0.000615942410331273,0.00248394330040359,-0.00112086225767331,0.00212744795621968,0.000197447645939519,0.0036187243613333,-0.00198545438101066,0.000459511768737715,0.000141117226909596,0.000941746141825246,0.00091444013533749,-0.00065428911564694,-0.000449152705374711,0.000695409556143872
"Macropus_eugenii",0.0417826824842959,-0.00886655660033238,0.0205543422964114,-0.0260568382666653,-0.0150020281262884,0.0171389798308822,-0.0202323206248309,-0.000551287081969388,-0.0161116195177097,-0.00835536563643167,-0.00710799309385686,-0.00228589096331546,0.00746322911258376,0.00221045427662678,0.00403750091004956,-0.00384955136120871,0.00675830743777627,-0.000118904276551412,-0.00518449586538701,-0.00685268330064473,0.00381376909749644,-0.00343680564850827,0.00417053575728458,-0.000682018775704986,-0.00461575736389508,0.000240521310325144,-0.00133457722576616,4.04711186803561e-05,0.00516448588276749,-0.000996737678446324,-0.00409130187980692,0.00129584679780508,-0.00195938772743626,-0.000112292314223744,0.000712162281018586,-0.00223362301680993,-0.00154100856397268,-0.0011777535732146,0.00104079034931241,-0.000461820551969179,-0.000634062969945459,-0.000188316467046167
"Macropus_giganteus",0.101624852379066,-0.0427216623235705,0.0636728627302903,-0.000106881556828705,0.0218166834193637,-0.0112545271139296,0.027868680124177,0.00103688186090204,0.00604141760348073,-0.00273465547201468,0.00166433270831823,0.000683629003626731,-0.00177740644619599,0.0122127632537309,-0.00590974373858103,0.0017413943195354,-0.00962688823435894,0.00111850695320992,0.00650838282792217,-0.00627484011619427,0.00226501373154135,0.00359835670784495,-0.0057136499493248,-0.00100701841236407,-0.00133226455721943,-0.000861214120025935,0.00142928830337246,-0.00320790746163807,0.00242469321865363,-0.000283616716292002,0.0021908908066667,-0.00117824912538924,0.000415794905216432,-0.00280821260056625,-8.42243876697903e-05,-0.00169615059530427,0.00124627826548001,0.000264056230603352,-0.0002458879814336,0.000367214542619864,0.000278152639017205,0.000517062265021245
"Macropus_irma",0.00608805127094159,-0.0012834537362891,0.0251104529204857,-0.0181973207095906,-0.0141391890032757,-0.0289992459179883,0.00419619655791973,0.0197186999916842,0.0206029467349171,-0.00936244957101068,0.01027646867382,0.00460247934152223,0.00028986421919133,-0.010000032290621,-0.00301837686855774,-0.00997826748708629,0.0115610907923553,0.00488743028211621,-0.0100468822925999,0.0019167721547322,-0.00438756769289072,-0.0061586184372094,-0.00078015886364566,-0.00556240256818644,0.00130414678026467,-0.00860634840907144,-0.00112315168915637,0.000762463617403954,0.000237080981966075,0.00163958584298387,-0.00168214599358702,0.00204583567637934,-3.05944336700657e-05,-0.00036759415587658,-0.000131413884494103,-0.00148477667946783,0.00188950293483987,6.55689217100288e-06,-0.000895162001846065,0.000552204461793555,0.000678479773172857,-0.000367514797003619
"Macropus_parma",0.0356341193377036,-0.00234990222873858,0.013586149534498,-0.0403817506185101,0.024261728212427,0.0363420344999528,-0.0029942220462201,0.00627394987934144,-0.00120330601038867,-0.0067751659230113,-0.000608784818230959,-0.0111486890165551,0.0147881553864265,-0.00800324891054862,-0.00145412221036124,0.0157003974912617,-0.0027804132450403,0.00604170255341764,-7.50519863804373e-06,0.00433204296004146,0.00130295432355461,-0.00385937316533802,0.000842676747198938,-0.00417270277347367,-0.000528294605474574,0.00322434289626726,-0.00174147567652708,0.00477022515107131,-0.00442062173141048,-0.000324149778903516,-0.00105763574600234,-0.00195443467585623,0.00202263854017886,0.00261123796737413,0.00149431669025927,-0.000996977347806121,0.000530405876456923,0.000154292392559864,-0.000182410895250918,0.0011816302892235,-0.000172710162863395,5.14340164859597e-05
"Macropus_parryi",0.0351476795150149,-0.0187206051894131,0.0225232233976897,-0.00867785395949353,-0.0238749651878378,-0.0182556767536861,-0.00431935903406476,-0.0273588381213634,0.000749478426069237,0.0108722150952501,-0.0101905439108698,0.000204801187679879,2.93123909003062e-05,-0.0134377544207456,-0.0119506467270279,-0.00524836451414673,-0.00104524974225741,0.00503473911436391,0.00179810403619142,-0.0073523295574093,-0.00226774449893317,0.000176019274731573,-0.00302462418434853,0.00188160632920879,-0.0031681425682554,0.00233415035850763,0.000370096199158532,0.00096722317321506,0.00179035574433064,-0.00300111468862839,0.00119565605180333,0.00096884855919977,0.00203878520605352,0.00168310846003811,0.000953512060072676,0.00101565500444004,-0.00308197321191907,0.00117054709447752,0.000135637300051313,0.000866337837450522,0.000999184973075056,-0.000184427570041465
"Macropus_robustus",0.00138234316541316,-0.00192793860590711,0.0115540548921445,-0.0279502321549355,-0.0187331051634781,-0.00398724122418269,0.0130508618600197,-0.00737534824405107,-0.00279209580498231,-0.00891781637032058,-0.0082687822606277,-0.02056755242641,0.00234669399312731,-0.012079461901098,-0.0124676870604905,-0.00863221795440107,-0.00912696947535267,-0.000768265479618683,0.0141507839206498,0.00986395508885046,-0.00253065791293697,-0.00117112121953314,-2.84356142472084e-05,0.00932195936758831,-0.000468409775868781,-0.00213772454245109,-3.55491817910004e-05,-0.000473961795977403,0.00248527478124096,0.00115021042163746,-0.0026910711445438,-0.00101285692712989,-0.00185437697966776,0.001825178872097,-0.000326469535927044,0.000466201771170444,0.0022419336776446,0.000473114690129872,0.00025612614457997,-0.000823229703985614,-0.00012887576178449,-0.000205853232644837
"Macropus_rufogriseus",0.0446917091370188,-0.0283729718473257,0.0305191278539871,-0.0152542577447645,-0.00686589218693587,-0.0128442792342463,0.00170142062745739,-0.0109806321766884,-0.00982712619677912,0.00400564097953248,0.000155261457989108,0.00387728375768027,0.00324478011926711,-0.0100628502520718,-0.00682953442768269,0.00337220830935873,0.00346399392756011,-0.000232019426912228,0.00502812959528586,0.00266991513862313,-0.00180701106001412,0.00275459333657926,0.00146401149132539,-0.00970943288238979,-0.00182835433177731,-0.0021592498327479,-0.00680556399831499,-0.000183316551565439,-0.000612162784306613,-0.000670780778986969,-0.000759739528499054,-0.0022736977402344,-0.000764874245719989,-0.00379073976583877,-0.000753224565274604,0.00176313395073617,-0.00105078891302875,-0.000815459100419555,0.00043553765140123,-0.000581047521550332,-0.000462389965765336,-0.000325565624332984
"Macropus_rufus",0.0455351656547512,-0.0385751113654032,0.0184757835079228,0.00679775953416101,-0.0123425205992327,-0.0110131495351955,0.0518870102116776,0.000432756753629176,-0.00965931530248173,0.000959351063456615,-0.00516426100167633,-0.00309979102806312,-0.000603372422299934,0.00121817569579047,-0.00197000265970025,0.00959962941879268,0.00453365493922026,-0.0153618262581269,-0.0131770974615076,0.00326763925764662,-0.00261893864527763,-0.00265133461508187,0.0077492723165491,0.00888302332806455,0.00428139051151013,0.00143828770109049,0.00187646049204529,0.00114661746865244,0.000907097581276377,-0.0031594281042294,-0.0005314826038688,0.00161619459309522,0.00139006137691651,-0.00072309225919508,0.000778251726693681,0.000159944566904689,0.000215544487669079,-0.000453259218053427,0.000189598562846139,0.000341805319970303,-0.000173096144258229,0.000257917031461219
"Nambaroo_gillespieae",0.0269164139374971,-0.00394271283088084,-0.0411740121929434,0.0567640453881613,0.0129631676689593,-0.0117735450990454,-0.00946604922501717,0.015806781045332,-0.0145742043792205,-0.0128606644181234,-0.00245355524858463,-7.28052848268143e-05,0.00702151798224733,-0.00262909689299912,-0.00292716243673847,0.00242202858678158,0.00323067890416965,0.0056486507691432,-0.00685219987327973,0.0109026016858656,-0.0112555081239216,0.00439530697261098,0.00156222185370006,0.000347628377676831,-0.0065440100960961,0.000809448277859338,-0.00281590577114444,-0.00219191321768257,0.00327882492245984,-0.00100976534495172,0.00348736227555202,-0.0036424360725589,-0.000721230137155509,0.00127308307272731,-0.00107197341703679,-0.00128739654999645,-0.000473017006140704,-2.35944248910438e-05,0.000154443334010453,0.000189877777502458,0.000122514672700043,0.000336087499837863
"Onychogalea_fraenata",0.0448976609503002,-0.0147109470395563,-0.0276763065445877,-0.0367879733689594,-0.0221979894861327,-0.0118992093661465,-0.0101781534937295,0.0264617350540999,-0.00532128748400527,-0.0114270491535293,0.0115237607992873,0.0198755506348801,-0.00803695125629248,0.00716493046821256,-0.00711115969826497,0.00587726546075998,0.00687929344232288,-0.00521145432676039,0.0061926341558415,-0.00594337947653936,-0.00266858807109197,0.0074609731253919,0.00235767495244947,0.00438379001748,-0.0026414798574719,-0.00273203892845636,0.0012719943928861,0.00234112216487234,-0.00686748439819575,-0.00049532855862012,-0.00160330251984203,-0.0018894549586977,-0.00203220209218344,0.000257713822489564,0.000662035191004426,0.000221021797118335,-0.000125379413246192,0.00155877380689822,0.000372462508882337,-6.72005238263403e-05,-0.000124126016210685,0.000132942438633701
"Onychogalea_lunata",0.0222173275302585,0.00825194211633366,-0.00921666253079165,-0.0115576090866694,-0.0542702368098264,0.0106679366887165,-0.00301681201413313,0.0298449291003468,-0.0275315220516755,0.0175909151185508,0.000540929688351925,0.0150329502896635,-0.0227397824441091,-0.00180569008802315,0.00718059590715934,0.00015660510795092,-0.00131673033582339,0.00196556915996083,0.0076828699167192,0.00905694331154774,0.00101708197929392,-0.00787823002810927,-2.11605456049414e-05,-0.00130419096725913,-0.00064900194485408,0.00141272907641495,0.00451930670277091,-0.000841231283390864,0.00235135865018919,0.000652887026832877,0.000857245563647977,-0.000298095489031193,0.00177723083782289,-0.000253534322624455,-0.000599448007922048,0.00121511776740442,-0.0002645400659983,-0.000899443269415886,-0.000425009995358533,0.000635759463629914,0.000104338130077642,-5.98014692149875e-05
"Onychogalea_unguifera",-0.00669856770084681,0.00211268378033027,-0.0426397509911253,-0.0377973829250559,-0.0308637213783252,-0.00238096428668192,0.0175489739416909,0.0224684855676168,0.0127772778354652,-0.0156487993333571,0.00757830414863397,-0.00420003773994874,0.000759264758480386,0.000598306684832213,-0.000222861308619726,-0.00148058594230133,-0.00817996011599157,-0.000141892389141267,-0.0101747854633732,-0.000396597296438999,-0.00172410145223653,0.00737602483016465,-0.0101752195875887,-0.00515752634604219,0.00482124440371861,0.00622601278671546,-0.00216754689160842,-0.00329936004364374,0.00264332665365519,-0.00243959106690334,-0.00125411140080284,0.000212155883022278,0.00231710683987295,0.000619436389878087,0.000790711682130594,0.00108979980001756,-0.000429456242912256,0.000274662840950177,-0.000586301675276544,-0.000651569421277893,-0.000549378919273948,-0.000206505959577558
"Petrogale_assimilis",-0.0329851916399079,0.00898043918016943,0.00895366338894475,0.0133776566940668,-0.0265161043681203,0.00695681986116368,-0.0254312706342695,-0.0289808370494703,0.0171727808406427,0.00176062554857999,0.0290173040141753,-0.000498006651996235,-0.0131077905021971,-0.00153175845932697,-0.0131801913282289,-0.000284048958976692,-0.00866246683360104,0.00161083282928086,-0.00646565259724156,0.00324086598891541,0.000426069388134023,0.00167378149410237,-0.00238900982547727,0.00291053980727299,-0.00493553518676146,-0.00422961461459751,0.000846525396769837,-0.000387945057559518,-0.0027730405576467,-0.00244465753344,0.00131508937781522,0.00203942542674511,0.00120480403298553,0.000387804158005799,-1.2803872681938e-05,-3.84616656039602e-05,0.000561849086621768,-0.00162134039714295,0.000958405445642355,0.000516627499419256,-0.000829033539149377,0.000329650685086694
"Petrogale_brachyotis",0.053574292570172,-0.00093085681014151,0.0505855202784064,0.0317095506905258,-0.00583113054474722,-0.00831257038429535,-0.00889827337628133,-0.0150706506080427,-0.0132045158386615,0.000649049027909929,-0.00459044018877165,-0.00687743204108701,-0.00725190392170516,0.0139766426860923,0.0192604890579988,0.00166574669679876,-0.00116246248774695,0.0149327472612174,-0.00970281263154721,0.00274431577578082,0.000846574025108283,-0.00344335933720043,-0.00473440050923704,0.00178897194669693,0.00252366216979943,-0.00326793432564726,0.00270282373957613,0.000356562394579078,-0.00236447312158482,-0.00133584721092657,-0.00106264600489089,-0.00300330072824563,-0.000245119925967538,-8.16451834897674e-05,0.000868734461751616,0.00131558779152046,0.000570476622039075,0.00149496216352204,0.000331440137765798,-0.000410401606043943,-0.00044472055582704,-0.000357552045184706
"Petrogale_burbigei",0.0043894981583353,0.024262703034807,-0.0260003852856747,0.00284558979108986,-0.0235718974519929,0.0239233223415422,-0.0347310876949607,-0.0166872748656363,0.00101766478847447,0.013050864968951,-0.0231395265563141,-0.00189838839706971,0.0112471815318835,0.00315390211778903,-0.00140074810219231,-0.00881707113570081,-0.000753569790790642,-0.0168302553584651,-0.00346839469972174,0.000845515902993172,-0.00192204489754522,-0.00162491791095385,-0.00175104609827427,-0.00388602303489511,-0.000512050046074923,-9.11633127796815e-05,-0.000918608855540886,-0.000419268726653661,-0.000668124203987117,-0.00175658520477147,0.00180280662946924,-0.000299496414217116,-0.000920157394420451,-0.00240041135272501,-0.00040579965025035,0.000234917820726643,0.00179898709169612,0.00167207033252304,-0.000730874678516628,0.00103754038611909,-0.000455640126559607,-6.24999433991372e-05
"Petrogale_herberti",-0.0177216016707073,0.00687100281020323,-0.017940626597715,-0.00801555102782801,-0.020992878870337,-0.0124588915124285,-0.00750932088473091,-0.0106539326401873,0.0136846009922127,0.000408178340311694,0.00546467399317848,0.00920537178957384,0.00131577944264796,-0.0157900389168926,0.000296706374557055,0.00967835856135726,-0.0014638047763237,0.0061313073950397,-0.00639207903264407,-0.00627458137869014,0.00265966600982057,-0.00584170221522425,0.0017349597507851,0.00307497747329291,0.00541819772888201,0.00800125550885875,0.00160363550588292,-0.00286930797654025,-0.000400149279372418,-0.00126712357576387,0.00201150626564567,-0.00180780322377789,-0.00616202847022665,-0.000516915213451243,-0.0011152552276284,-0.000302325994951298,0.00098286946684296,6.43009617927112e-05,0.000661527836321957,-6.372183490922e-05,0.000371922772602457,-5.14688917428045e-05
"Petrogale_inornata",-0.0265116687290272,-0.0173424844044695,-0.0223261044496054,-0.00500328050822264,-0.0184942368420602,-0.0174620200482115,-0.00398987706092174,-0.0107919636171216,-0.00408346935724091,0.0106288994240839,-0.0147768727559947,-0.00380793234606666,0.0129217666571202,-0.00410856579167256,0.00754612071314291,0.00979333853377981,0.0034741822770074,0.000562596279643733,-0.00297352180943377,-0.00407046549338203,-0.00231779004057544,0.00128615838424898,0.000384740813494127,0.00244229585572593,0.000209114499030743,-0.00327588010626902,-0.00299219555248069,-0.00693949387347751,-0.00435096434356567,0.00718303158193966,-0.00120000732059075,0.000608112825002319,0.00366944095683907,9.02499398606012e-05,2.65342484642533e-05,0.00118477762202672,0.000498463196770471,-0.000609446401356598,0.000880595004063022,-0.000208492654562987,0.00035565792381485,0.000284299776100974
"Petrogale_penicillata",0.0211329749817573,-0.0131957043436909,-0.0256494078019464,-0.0312745610010069,0.0243899469836568,0.0137659999885422,-0.021397784375437,-0.00520809845408894,0.00948469204430595,0.013177946470691,0.0103879118610985,-0.0043186154530892,0.00126274840799964,-0.00675471898076353,0.00715909233261806,0.00406335119938009,-0.00444841813683816,0.00768333440075966,8.48597675147062e-05,0.00385774913118399,0.000962926766249939,0.00219323913593171,0.00835053196894978,0.0045829892149296,0.00428264279319083,-0.00242027803968395,-0.000323424697959011,0.000997247314436431,0.000836072759784401,-0.00305773407937612,-0.00177397723098692,0.00113720156961125,0.00260492704780075,-0.00249260569916091,-0.00349103183288822,-0.000619374435468982,-0.00117136408510854,0.00102135438313447,-0.00112456997982085,-0.00052397727376302,9.41261216453935e-05,0.000317112587724854
"Petrogale_persephone",0.0242992922490005,-0.00111079914322906,-0.021961297534377,0.0356265019482075,-0.0347227841617063,0.00535664287160784,0.00667423161270391,-0.0223489900990574,0.024418475647425,0.00115508210782105,-0.00394345198837843,0.00221273137105383,-0.00543700152217352,0.00379188345294171,0.00149581264570674,0.0110031428125158,-0.00878741040556219,-0.00518492438844741,-0.000768329326864199,-0.00405319747650976,0.00142351883514622,0.00280716663872421,0.00823457991786637,-0.00550209705034198,-0.00373649094042209,-0.00164761753860877,0.00326890665390182,0.00321146957676539,0.00146838450941226,0.00207133711735826,-0.0010484461995532,-0.00354912818178568,0.000518144005973113,0.00136830828877826,0.000676316226313871,-0.000397512222481113,0.00037552476822474,-0.000918698523952852,-0.00166627989359378,-0.000880981779690915,0.000431984141883862,-0.000426386267165936
"Petrogale_purpureicollis",-0.0234102121491822,0.00364398538833426,-0.0031937331834566,-0.0053728104204167,-0.00390825847441052,-0.0444342775055486,0.00151906717966471,-0.00406283611548587,-0.00349132147419057,0.00590918221587953,-0.0117452610372894,-0.00353983480796178,0.000887410008970802,-0.00880716967425909,0.0166181189268193,-0.0064995825466519,0.0026428028135881,0.00431762040262678,0.00759318843850304,0.00367475266903057,0.00236647279612694,0.0126085446112954,0.00233039696812964,0.00100619741930471,0.00381063713162226,0.00249809176502166,0.000672237107673843,0.00361800894900453,-0.0025333536851499,-0.00152424614794711,0.00422612757618754,0.00149589618313989,-0.000113949747348405,-0.000778466523827796,0.00147119424580714,-0.00172673345760408,0.000638154007023903,-0.00139774319047363,-0.0001547384124265,0.000420322608495935,-0.000352754289444202,-0.000395261828244583
"Petrogale_rothschildi",0.0139718913292595,0.0179090914186319,-0.0075937768757509,-0.0129976663556176,-0.0150598314133338,0.00370434353282556,-0.0210216923780981,0.000583714496672243,0.0207195126219815,-0.017815761728822,-0.00191196283979342,0.00312453714797653,0.0110494130483338,0.0224459424821726,0.00498743638169916,0.00320567628048378,0.00231039964630097,-0.00181236646079171,0.0048940532852568,0.00703737336070797,0.00765736964939214,0.00510280812842241,0.0021279672047301,0.00298656777115771,0.00327766347553624,-0.00417613339979164,0.0015808084658767,-0.004480383165394,0.0036574402746699,0.000160364325352632,-7.22168882227772e-06,0.000361721765390221,-1.19598930200562e-05,0.0011317020196248,-0.000324401177037481,-0.000267443692527807,-0.00109814489772593,9.05879388738003e-05,0.000888604410808733,0.00093828700312218,0.000415795607887996,-0.000396430609453183
"Potorous_gilbertii",-0.0690251436361851,-0.0803717445137842,-0.0438389480440041,-0.0100135332105207,-0.0130178196953123,0.00760454825710913,0.01491431930773,-0.0145108406559134,-0.0113512964380105,0.00455416575138978,-0.0160135312033308,-0.00537706438319568,-0.0118838649884784,0.0120514405308183,-0.00195093270724635,-0.00354067229955991,0.000194814856497255,0.00695071457326417,0.000107223657013181,-0.00268399469633445,0.000175466080144221,8.95059880735144e-06,-0.00503555888679586,-0.000618483362284523,0.00314444109900351,-0.00318026407534268,-0.00263750092830987,0.000504730393125113,-0.000861962672795731,0.00142555558267442,-0.00226538856105208,0.000113888408495835,-0.00370738162133372,0.00126606036314665,-0.000593399585808067,-0.00107008757967746,-0.00108364798403601,-0.000676688133689635,-0.00141657607591429,0.000656252859901405,-0.000228501568578536,0.000654163539199217
"Potorous_tridactylus",-0.0916449341217677,-0.0679932408775494,-0.0374381371389757,-0.00512464887391995,-0.0124219233920997,0.00648414787375718,0.00968417942247341,-0.00873423632528125,0.0062628809887518,-0.0156986716931901,0.00409915275309367,-0.0115409633882298,-0.00619596926009164,0.0107166782554394,-0.000157254115807429,-0.00424271241907801,0.0100325340554327,-0.00194430412759619,0.00154783835114818,0.00415515380015581,0.00381422823702523,-0.00722669318940723,-0.00126961563480442,-0.00112997410637814,-0.00258765879045546,0.00111256086066752,-0.00135806652055784,0.00398910459299532,-0.00120302055779125,-0.00110821510401858,0.00483756280214788,-0.000310230911122961,0.00217786266472982,-0.00150286481767859,0.000282398767602148,-0.000751833139454852,-0.000314562087854395,0.0010024507181168,0.00104030581085334,-0.00111568038533205,0.000507121971798865,-0.000131132395245694
"Rhizosthenurus_flanneryi",0.00996909550194794,0.0331903407190422,0.00819288265811867,0.00218208010895903,0.0076455991696309,0.00141795955658094,0.00492530366584582,-0.00524432550660377,-0.00740042392978987,-0.0105408834515706,0.00414207873722805,0.00907476941560999,0.00707599480175299,0.0126177180620064,-0.0103516330782618,-0.0290226838201362,-0.00259755154936227,0.00465157572253912,-0.000669463252055928,-0.00312993431966119,0.000431309596231306,-0.00386218076595392,0.0109851169173805,0.000600434590520532,0.004336807081018,0.00451388046415022,-0.00136552030567,-0.00271645885013768,-0.00427402729361423,4.7186947633574e-05,0.000199716043950884,-0.00300288603865004,0.00214248813368426,0.000485379391379156,0.000323474074814678,0.000291101134522375,-0.000212734088352076,-0.000760100823981842,-0.00052506971567267,-0.000112564366625469,-1.07457936706815e-05,0.000158790657502229
"Setonix_brachyurus",0.00148108739906284,0.0468439079230369,0.0176022598684771,0.00274748970633265,0.0116115597654505,0.0376300913329559,0.00812975719956662,-0.00788853600478404,-0.00636509281290188,-0.0135565716668477,-0.0134291283332382,0.000202492510755598,-0.0259967255380894,-0.00875035141924378,0.00449244201950106,-0.0033843751569169,-0.000512563613227605,-0.00316041328550812,-0.0034271741140232,0.00280152433360567,-0.000309163495112991,0.00569871554231478,-0.00255148609865352,-0.00114625813134825,-0.00381992314878742,0.00548058371042917,0.00145946764608715,-0.00327929629928688,-0.00422421570860492,0.00149590246631039,-0.00341941775496905,0.00132165417089207,0.000756417285233683,-0.00114697463909092,-0.000978676856989052,-0.00245224481009276,0.000133565350634853,0.000301139525571008,0.000560075185056104,-0.000203687054583743,0.000663093421633271,-0.000137087753859039
"Thylogale_billardierii",0.0724549314884315,-0.0235529885362698,-0.0107342297868831,-0.0263936448083206,0.0166328763504789,0.0364788485420954,-0.0257160455530716,0.00478842641605811,0.000194380946662552,0.012171951605878,-0.00226052197376596,0.0127346062519015,0.00242456511648024,0.00419961902152378,0.000242433893647342,-0.00102546839391047,-0.00134555160035698,0.00539816554952694,-0.00286136943030313,0.00230783328931349,0.000930983926667752,0.000993753387307621,-0.000634607281459486,0.00297520796653787,-0.00182263886890157,0.00182576938716391,-0.00320408675810818,0.000746959567363415,0.00225706103065282,0.00205896640362201,0.00357210184571174,0.00331250786089174,-0.00105120187820113,-0.000350909693635717,0.00300210029493081,0.00104186758960102,0.00186128079254389,-0.000626780917136749,-0.000297894873679383,-0.000975450973540434,0.000557718249469355,0.00037007215253957
"Thylogale_stigmatica",0.0399712219190376,0.0347672940791101,-0.00926518465625862,0.0136951746588559,-0.00603535581144876,0.000586666659243496,-0.00470721933875942,-0.00878568367220147,0.0165385345375043,0.0129694223935731,0.0173882490344948,-0.00446916851247593,0.003937243481997,0.0118967802163973,0.0118605246907598,-0.00092701195315832,0.0059470823866714,-0.00463270977450669,0.0104130339611151,-0.00289082854201712,-0.0109007187206116,-0.00382974303546679,-0.00801156446928356,0.00248997811350697,0.00364195265943784,0.00534958893538211,-0.00354358753220093,0.00448578156264548,0.00110450394309501,0.000611053791376204,-0.00337515521562386,-0.0018045880328802,0.000648368018974227,-0.000634463759034506,-0.000649311888021605,-0.000496053250852557,0.000212169755806434,-0.00123580798266737,0.000778712837245532,0.000244286512690362,0.000344353378722556,0.000173041008740786
"Wallabia_bicolor",0.0521246579533547,-0.00112343294794291,0.00167639424120922,-0.00712894968501807,0.0208665953709473,0.0127474480015586,0.0115901276589108,0.0012812385407624,0.0145546045249081,-0.00739873241969155,0.00684366584936192,-0.00603973351669774,-0.00991070900694148,-0.00403537158032633,0.0116233243511138,-0.00457595450344416,0.00543838513891567,-0.000874807086257825,0.000143804746998102,-0.0095508493195678,-0.00434883707194934,-0.00147178598825606,0.00121112010542908,0.00719118585499438,-0.00498561702496232,0.00106397965881575,-0.00149424721489325,-0.000364283636307575,0.00112815201549885,0.00588559803155283,0.00441079088967968,0.00128584562091814,-1.55990789444001e-05,0.00098065027817633,-0.00125924128936785,0.000717713983998466,-0.000775750082056131,0.000575111749031321,-0.000932852710047082,0.000322812797979979,-0.0010192196265932,-0.000523601984383717
